name,address,tel,kind,enabletime,email
基隆仁義店,基隆市信義區仁一路27號1樓,02-66375181,ok,24hr,
基隆安樂店,基隆市安樂區安樂路二段122號,02-66375109,ok,24hr,
基隆深溪店,基隆市中正區新豐街389號1樓,02-66375892,ok,24hr,
基隆新三益店,基隆市中正區中船路18號1樓,02-66376715,ok,24hr,
基隆文昌店,基隆市仁愛區孝三路54.56號,02-66375159,ok,24hr,
基隆樂一店,基隆市安樂區樂一路26號,02-66375167,ok,24hr,
基隆英仁店,基隆市仁愛區南榮路387號,02-66375160,ok,24hr,
基隆泰安店,基隆市七堵區泰安路23-12號,02-66377278,ok,24hr,
基隆成功店,基隆市仁愛區成功一路43.45號,02-66375136,ok,24hr,
基隆華三店,基隆市仁愛區華三街20號,02-66375127,ok,24hr,
基隆華城店,基隆市暖暖區碇內街210、212號,02-66378215,ok,24hr,
基隆興寮店,基隆市安樂區基金一路112巷110弄15之10號,02-66377344,ok,24hr,
基隆中和店,基隆市中山區中和路166-6號,02-66375149,ok,24hr,
基隆東新店,基隆市七堵區東新街67、69號,02-66377334,ok,24hr,
基隆安一店,基隆市安樂區安一路228號,02-66375150,ok,24hr,
基隆孝德店,基隆市信義區深澳坑路1之56號1樓,02-66375578,ok,24hr,
基隆長安店,基隆市七堵區明德三路45號1樓,02-66375162,ok,24hr,
基隆定國店,基隆市中山區西定路110巷36號,02-66375117,ok,24hr,
基隆延平店,基隆市仁愛區仁二路75號,02-66375171,ok,24hr,
基隆光華店,基隆市仁愛區成功一路133巷42-1號,02-66375115,ok,24hr,
基隆信五店,基隆市中正區義二路174號1樓,02-66375183,ok,24hr,
基隆源遠店,基隆市暖暖區源遠路299號,02-66375139,ok,24hr,
七堵永平店,基隆市七堵區自治北街12、14號,02-66375962,ok,24hr,
八堵八中店,基隆市暖暖區八堵路82號,02-66375163,ok,24hr,
基隆百三店,基隆市七堵區百三街81號,02-66375125,ok,24hr,
基隆居仁店,基隆市中山區中華路93號1樓,02-66375176,ok,24hr,
基隆愛一店,基隆市仁愛區愛一路26號1樓,02-66375188,ok,24hr,
基隆樂利店,基隆市安樂區樂利三街68號,02-66375113,ok,24hr,
基隆暖碇店,基隆市暖暖區源遠路190號1樓,02-66375576,ok,24hr,
基隆建心店,基隆市中正區祥豐街95-1.95-2號,02-66375158,ok,24hr,
基隆新城店,基隆市安樂區樂利三街130號,02-66375107,ok,24hr,
基隆暖暖店,基隆市暖暖區暖暖街118號,02-66375153,ok,24hr,
基隆愛九店,基隆市仁愛區愛九路10號1樓,02-66375178,ok,24hr,
基隆新基金店,基隆市安樂區基金一路200號,02-66375903,ok,24hr,
基隆三坑店,基隆市仁愛區龍安街200之1號1樓,02-66375179,ok,24hr,
基隆海洋店,基隆市中正區新豐街420.422號1樓,02-66375119,ok,24hr,
基隆文化店,基隆市中山區文化路132號,02-66375155,ok,24hr,
基隆武德店,基隆市安樂區基金一路208巷110號,02-66375146,ok,24hr,
基隆南新店,基隆市仁愛區南新街60號,02-66375129,ok,24hr,
七堵南興店,基隆市七堵區南興路82號,02-66375161,ok,24hr,
基隆慶城店,基隆市中山區中和路168巷9弄21號1樓,02-66375187,ok,24hr,
基隆東信店,基隆市信義區東信路290號,02-66375118,ok,24hr,
基隆崇右門市,基隆市信義區義七路40號(格致樓一樓),02-66377250,ok,24hr,
七堵百福店,基隆市七堵區實踐路284號1樓,02-66375906,ok,24hr,
基隆祥豐店,基隆市中正區祥豐街321號,02-66375122,ok,24hr,
基隆崇德店,基隆市安樂區永康里崇德路8之5號,02-66375172,ok,24hr,
基隆德和店,基隆市中山區復興路212巷5弄4號1樓,02-66377329,ok,24hr,
基隆過港店,基隆市暖暖區過港路32號,02-66375143,ok,24hr,
基隆東安店,基隆市信義區東信路3巷1號,02-66375132,ok,24hr,
基隆署醫門市,基隆市信義區信二路268號,02-66375190,ok,24hr,
五堵北基店,基隆市七堵區明德三路102號1樓,02-66375185,ok,24hr,
基隆銘傳店,基隆市仁愛區劉銘傳路15號,02-66375148,ok,24hr,
基隆麥金店,基隆市安樂區麥金路197號1樓,02-66375180,ok,24hr,
基隆聖心店,基隆市中山區西定路254號,02-66375123,ok,24hr,
基隆孝四店,基隆市仁愛區孝四路11號,02-66375112,ok,24hr,
基隆中山店,基隆市中山區中山二路65巷1號,02-66375147,ok,24hr,
基隆獅球店,基隆市仁愛區獅球路41號1樓,02-66375182,ok,24hr,
基隆和一店,基隆市中正區和一路86.88號,02-66375133,ok,24hr,
基隆信六店,基隆市中正區義二路191號1樓,02-66375138,ok,24hr,
基隆信義店,基隆市信義區信二路28號,02-66375165,ok,24hr,
基隆新富店,基隆市中正區新豐街251巷7弄35.37號,02-66375130,ok,24hr,
基隆富民店,基隆市七堵區明德一路104號1樓及地下室1樓,02-66376296,ok,24hr,
基隆中興店,基隆市信義區信二路93號1樓,02-66375110,ok,24hr,
基隆永富店,基隆市七堵區永富路55號1樓,02-66375579,ok,24hr,
基隆富貴店,基隆市信義區深澳坑路2-3號,02-66375169,ok,24hr,
基隆東碇店,基隆市暖暖區源遠路251-1號,02-66374111,ok,24hr,
基隆中正店,基隆市中正區中正路164之8號,02-66375106,ok,24hr,
基隆實踐店,基隆市七堵區實踐路86號,02-66375145,ok,24hr,
基隆安平店,基隆市中山區中山一路115號1樓,02-66375156,ok,24hr,
基隆南榮店,基隆市仁愛區南榮路7號,02-66375120,ok,24hr,
基隆市府店,基隆市中正區中正路4號1樓+B1,02-66375758,ok,24hr,
基隆武聖店,基隆市安樂區基金三路48號1樓,02-66375170,ok,24hr,
基隆和平店,基隆市中正區中正路762號,02-66375121,ok,24hr,
基隆新民店,基隆市中山區中山一路25號,02-66375166,ok,24hr,
基隆榮昌店,基隆市中正區中正路482號,02-66375152,ok,24hr,
基隆八堵店,基隆市暖暖區源遠路6號,02-66375141,ok,24hr,
台鐵七堵門市,基隆市七堵區東新街2號(七堵站一樓C區商場),02-66370436,ok,24hr,
八斗子店,基隆市中正區北寧路327號1樓,02-66375175,ok,24hr,
八德路店,台北市松山區八德路四段38號,02-66170766,ok,24hr,
福林店,台北市士林區中山北路五段702號,02-66170259,ok,24hr,
中原店,台北市中山區中原街41號,02-66171641,ok,24hr,
松山光復店,台北市松山區光復北路32號1樓,02-66172618,ok,24hr,
木柵保儀店,台北市文山區保儀路100號,02-66172120,ok,24hr,
內湖民權店,台北市內湖區民權東路6段296巷33號,02-66172249,ok,24hr,
文山久康店,台北市文山區久康街1號,02-66172491,ok,24hr,
汀州路店,台北市中正區汀州路三段109號,02-66170672,ok,24hr,
台北瓏山林店,台北市內湖區康樂街200號,02-66172142,ok,24hr,
台北金華店,台北市大安區金華街241-1號,02-66176132,ok,24hr,
台北黎忠店,台北市信義區和平東路三段341巷6號1樓,02-66172349,ok,24hr,
中坡店,台北市信義區中坡南路158號,02-66171675,ok,24hr,
台北松吉店,台北市信義區永吉路278巷27弄36號1樓,02-66172467,ok,24hr,
台北豐達店,台北市松山區敦化北路155巷87號之1,02-66175459,ok,24hr,
台北樂安店,台北市大安區樂業街96號1樓,02-66175843,ok,24hr,
台北撫順店,台北市中山區撫順街21號,02-66172551,ok,24hr,
北醫店,台北市信義區吳興街220巷33號,02-66172040,ok,24hr,
士林朝陽店,台北市士林區大東路78號1樓,02-66172346,ok,24hr,
麟光店,台北市信義區和平東路三段433號,02-66171537,ok,24hr,
台北三興店,台北市信義區基隆路二段39巷3號1樓,02-66172496,ok,24hr,
士林華齡店,台北市士林區華齡街2巷20號,02-66172400,ok,24hr,
東門店,台北市中正區金山南路一段125號,02-66171483,ok,24hr,
內湖碧山店,台北市內湖區內湖路三段91號,02-66172049,ok,24hr,
文山極美店,台北市文山區木柵路一段281、283號,02-66175683,ok,24hr,
內湖明湖店,台北市內湖區東湖路43巷26弄1號,02-66171720,ok,24hr,
台北朱崙店,台北市中山區龍江路47號,02-66172512,ok,24hr,
北投泉源店,台北市北投區泉源路35巷1號,02-66172247,ok,24hr,
北投店,台北市北投區中和街488/490號,02-66171335,ok,24hr,
南港中研店,台北市南港區研究院路二段230號,02-66172442,ok,24hr,
中崙店,台北市松山區八德路三段12巷5弄48號,02-66171949,ok,24hr,
文山木新店,台北市文山區木新路二段242號1樓/B1,02-66172405,ok,24hr,
關渡水鳥店,台北市北投區知行路1號1+2樓,02-66172642,ok,24hr,
北投吉陽店,台北市北投區吉利街257巷3弄17號1樓,02-66172635,ok,24hr,
北投吉利店,台北市北投區吉利街140號,02-66171268,ok,24hr,
北投磺溪店,台北市北投區石牌路二段348巷1號,02-66172293,ok,24hr,
港墘店,台北市內湖區港墘路84號,02-66170386,ok,24hr,
台北鑫吉原店,台北市中山區中原街8號,02-66177795,ok,24hr,
木柵軍功店,台北市文山區軍功路33號1樓,02-66172711,ok,24hr,
台北南港店,台北市南港區舊莊街一段159號1樓,02-66173281,ok,24hr,
延平北路店,台北市大同區延平北路3段115號,02-66171645,ok,24hr,
台北仁愛門市,台北市大安區仁愛路四段10號B1,02-66174185,ok,24hr,
木柵博嘉店,台北市文山區木柵路四段66號1樓,02-66172492,ok,24hr,
士林芝東店,台北市士林區士東路200巷21號1樓,02-66171089,ok,24hr,
北投尊賢店,台北市北投區尊賢街221號,02-66172586,ok,24hr,
關渡知行店,台北市北投區知行路75-8號,02-66171730,ok,24hr,
虎林店,台北市信義區虎林街72號,02-66171646,ok,24hr,
內湖安湖店,台北市內湖區東湖路113巷49弄72號1樓,02-66130076,ok,24hr,
台北錦三店,台北市松山區三民路137號,02-66172611,ok,24hr,
大直永安店,台北市中山區北安路554巷49號,02-66172398,ok,24hr,
康寧店,台北市內湖區康寧路三段189巷21弄26號,02-66177362,ok,24hr,
士林海光店,台北市士林區延平北路五段177號1樓,02-66172490,ok,24hr,
文山忠順店,台北市文山區興隆路四段68之6號1.2樓,02-66170820,ok,24hr,
來來文大門市,台北市大安區和平東路二段49-1號1樓,02-66173712,ok,24hr,
台北福和店,台北市中正區羅斯福路三段244巷7-1號,02-66175737,ok,24hr,
士林後港店,台北市士林區後港街152-2號,02-66172422,ok,24hr,
石牌懷德店,台北市北投區懷德街39號1樓,02-66172352,ok,24hr,
大同樹德店,台北市大同區民族西路122號,02-66172449,ok,24hr,
松山永春店,台北市信義區信義路六段74號,02-66170726,ok,24hr,
萬大店,台北市萬華區萬大路423巷12號,02-66171532,ok,24hr,
文山新光店,台北市文山區新光路一段97號,02-66172445,ok,24hr,
北投復興店,台北市北投區復興四路23號1樓+地下室,02-66172540,ok,24hr,
開封店,台北市萬華區開封街二段84號,02-66170520,ok,24hr,
台北萬美店,台北市文山區辛亥路四段99號,02-66172243,ok,24hr,
士林天北店,台北市士林區天母北路12號1樓,02-66179068,ok,24hr,
北投吉運店,台北市北投區石牌路一段39巷124號1樓,02-66172248,ok,24hr,
中正三元店,台北市中正區和平西路二段70巷15弄3號,02-66172451,ok,24hr,
台北吉林店,台北市中山區吉林路163號1樓,02-66130025,ok,24hr,
大同重北店,台北市大同區重慶北路三段278之2號,02-66130876,ok,24hr,
致遠店,台北市北投區致遠一路一段44號,02-66171943,ok,24hr,
台北新德惠店,台北市中山區德惠街178號,02-66175112,ok,24hr,
社子永倫店,台北市士林區永平街27號1樓,02-66172401,ok,24hr,
台北酒泉店,台北市大同區酒泉街225/227號,02-66172140,ok,24hr,
富錦店,台北市松山區三民路138號,02-66171636,ok,24hr,
台北銘德店,台北市萬華區萬大路424巷112之5號1樓,02-66172181,ok,24hr,
萬芳店,台北市文山區興隆路三段118號,02-66171948,ok,24hr,
士林通河店,台北市士林區通河街141巷1號,02-66172263,ok,24hr,
南港成德店,台北市南港區成福路212號,02-66172048,ok,24hr,
石牌榮總店,台北市北投區石牌路二段313號1樓,02-66172648,ok,24hr,
士林和豐店,台北市士林區和豐街39巷2號,02-66172598,ok,24hr,
台北景聯店,台北市信義區吳興街110號1樓,02-66172415,ok,24hr,
文山再興店,台北市文山區興隆路四段55號1樓,02-66172463,ok,24hr,
三民店,台北市松山區三民路113巷1號,02-66170161,ok,24hr,
北安店,台北市中山區北安路476號,02-66172043,ok,24hr,
華山店,台北市中正區紹興北街8-1號,02-66170589,ok,24hr,
台北延壽店,台北市松山區延壽街101號,02-66171945,ok,24hr,
大同民族店,台北市大同區民族西路223之17號1樓,02-66172637,ok,24hr,
文山景興店,台北市文山區景興路40號,02-66171895,ok,24hr,
北投會館門市,台北市北投區大業路527巷88號B1,02-66172643,ok,24hr,
台北撫遠店,台北市松山區撫遠街382號1樓,02-66172513,ok,24hr,
信義崇安店,台北市信義區信安街149號1樓,02-66172455,ok,24hr,
文山萬安店,台北市文山區萬美街一段47號1+2樓,02-66172315,ok,24hr,
南港玉成店,台北市南港區玉成街82號,02-66179197,ok,24hr,
士林克強店,台北市士林區中山北路六段193號,02-66172042,ok,24hr,
內湖成功店,台北市內湖區成功路三段69號1樓,02-66172412,ok,24hr,
信義雙和店,台北市信義區吳興街284巷21弄2號,02-66175981,ok,24hr,
台北同安店,台北市中正區同安街69巷2號,02-66172411,ok,24hr,
內湖康樂店,台北市內湖區康樂街162巷1號,02-66171643,ok,24hr,
士林天玉店,台北市士林區天母北路89號1樓,02-66172476,ok,24hr,
台北蓬萊店,台北市大同區太原路153號1樓,02-66171946,ok,24hr,
台北劍潭店,台北市士林區承德路四段130號1樓.B1,02-66172301,ok,24hr,
天母公園店,台北市士林區中山北路七段81巷8號1樓,02-66172645,ok,24hr,
信安店,台北市大安區臥龍街151巷35號,02-66171942,ok,24hr,
北投中央店,台北市北投區中央北路一段206/208號,02-66171731,ok,24hr,
成福店,台北市南港區成福路44號,02-66171815,ok,24hr,
富陽店,台北市信義區富陽街70號,02-66171738,ok,24hr,
士林士商店,台北市士林區士商路51號1樓,02-66170931,ok,24hr,
大同圓環店,台北市大同區南京西路258號,02-66172487,ok,24hr,
信義北城店,台北市信義區莊敬路393號,02-66172425,ok,24hr,
金山南路店,台北市大安區金山南路二段113號,02-66170562,ok,24hr,
台北力行店,台北市中山區南京東路三段114號,02-66177199,ok,24hr,
新光門市,台北市士林區文昌路95號地下3樓,02-66171795,ok,24hr,
景美武功店,台北市文山區羅斯福路五段220號,02-66172231,ok,24hr,
北投西安店,台北市北投區致遠二路123號,02-66172423,ok,24hr,
萬華光復店,台北市萬華區西園路二段320巷11號,02-66171550,ok,24hr,
士林捷運門市,台北市士林區福德路1號,02-66131219,ok,24hr,
石牌店,台北市北投區石牌路一段166巷93號,02-66171739,ok,24hr,
北藝大門市,台北市北投區學園路1號,02-66172697,ok,24hr,
亞都店,台北市中山區民權東路二段71巷7號,02-66171699,ok,24hr,
興隆店,台北市文山區興隆路一段138號,02-66171715,ok,24hr,
內湖新明店,台北市內湖區新明路316號,02-66172432,ok,24hr,
北投唭哩岸店,台北市北投區立農街一段277號1樓,02-66178796,ok,24hr,
汐止汐萬店,新北市汐止區汐萬路一段355號,02-66375073,ok,24hr,
新店全科店,新北市新店區寶橋路235巷128號1樓,02-66377701,ok,24hr,
中和德光店,新北市中和區德光路70號,02-66372439,ok,24hr,
中和福美店,新北市中和區福美路310號1樓,02-66375071,ok,24hr,
三芝育英店,新北市三芝區育英街1號,02-66371647,ok,24hr,
樹人家商店,新北市樹林區大安路251號1樓,02-66375038,ok,24hr,
深坑百合店,新北市深坑區北深路一段38號1樓,02-66375092,ok,24hr,
板橋福星店,新北市板橋區重慶路218號1樓,02-66375082,ok,24hr,
新店三民店,新北市新店區三民路38號,02-66370766,ok,24hr,
汐止忠孝店,新北市汐止區樟樹一路119巷25號1樓,02-66375093,ok,24hr,
鶯歌福安店,新北市鶯歌區鶯桃路388號,02-66375020,ok,24hr,
泰山明大店,新北市泰山區工專路61號1樓,02-66372443,ok,24hr,
板橋自由店,新北市板橋區自由路36號,02-66371491,ok,24hr,
三峽公園店,新北市三峽區文化路266-13號,02-66375023,ok,24hr,
新莊民本店,新北市新莊區民本街22號1樓,02-66375021,ok,24hr,
三峽學勤店,新北市三峽區學勤路180號1樓,02-66377671,ok,24hr,
土城承天店,新北市土城區南天母路10號1樓,02-66371909,ok,24hr,
汐止橫科店,新北市汐止區橫科路25號1樓,02-66375105,ok,24hr,
板橋萬板店,新北市板橋區莊敬路168號,02-66370646,ok,24hr,
中和員穗店,新北市中和區員山路468號,02-66372157,ok,24hr,
平埔店,新北市深坑區文化街76號,02-66372407,ok,24hr,
中和廣福店,新北市中和區廣福路30號,02-66375008,ok,24hr,
竹圍民生店,新北市淡水區竹圍民生路119號1樓,02-66375030,ok,24hr,
永和民享店,新北市永和區民享街4號,02-66371641,ok,24hr,
三重中正南店,新北市三重區中正南路117號,02-66373141,ok,24hr,
汐止厚德店,新北市汐止區樟樹一路135巷19號,02-66372542,ok,24hr,
漁人碼頭門市,新北市淡水區觀海路201號1樓,02-66377091,ok,24hr,
金山仁愛店,新北市金山區中山路145號1樓,02-66372479,ok,24hr,
板橋溪北店,新北市板橋區溪北路51號,02-66372043,ok,24hr,
永和博愛店,新北市永和區永和路二段298號,02-66373947,ok,24hr,
下奎柔山店,新北市淡水區淡金路三段333號,02-66373140,ok,24hr,
鶯歌永和店,新北市鶯歌區永和街126、128號1樓,02-66377089,ok,24hr,
汐止光明店,新北市汐止區大同路二段521號1樓,02-66375033,ok,24hr,
林口文化店,新北市林口區文化二路一段68號,02-66375022,ok,24hr,
新店福民店,新北市新店區中央路206號,02-66375036,ok,24hr,
淡水中山店,新北市淡水區中山北路一段102號,02-66371840,ok,24hr,
板橋新海店,新北市板橋區新海路80號1樓,02-66375049,ok,24hr,
新店景大門市,新北市新店區安忠路99號,02-66373648,ok,24hr,
新莊福華店,新北市新莊區中華路二段208號1樓,02-66375095,ok,24hr,
中和民利店,新北市中和區民利街12號,02-66375018,ok,24hr,
汐止福德店,新北市汐止區福德一路197號,02-66373245,ok,24hr,
三芝淺水灣店,新北市三芝區土地公坑54-6號1樓,02-66375026,ok,24hr,
汐止水源店,新北市汐止區水源路一段275號1樓,02-66375100,ok,24hr,
新店中華店,新北市新店區中華路68號,02-66373741,ok,24hr,
蘆洲中原店,新北市蘆洲區長安街191號1樓,02-66373748,ok,24hr,
蘆洲正義店,新北市蘆洲區中原路12巷25號,02-66372114,ok,24hr,
汐止汐平店,新北市汐止區汐平路一段1號1-3樓,02-66375069,ok,24hr,
蘆洲中山店,新北市蘆洲區中山二路77號,02-66371591,ok,24hr,
台鐵瑞芳門市,新北市瑞芳區明燈路三段82號,02-66375101,ok,24hr,
瑞芳中正店,新北市瑞芳區東和路1號,02-66375043,ok,24hr,
中和新生店,新北市中和區新生街240號,02-66375010,ok,24hr,
新店香坡店,新北市新店區安祥路102巷28號,02-66375098,ok,24hr,
淡水學府店,新北市淡水區學府路104號,02-66373046,ok,24hr,
新莊昌平店,新北市新莊區昌平街2號,02-66372147,ok,24hr,
汐止大同店,新北市汐止區大同路三段85號,02-66375027,ok,24hr,
板橋民正店,新北市板橋區三民路二段186巷40號1樓,02-66375077,ok,24hr,
淡水正東店,新北市淡水區中正東路一段55號,02-66375025,ok,24hr,
板橋亞東店,新北市板橋區四川路二段119號,02-66375037,ok,24hr,
瑞芳中央店,新北市瑞芳區中央路47號,02-66375015,ok,24hr,
新莊思源店,新北市新莊區福壽街156號,02-66371942,ok,24hr,
蘆洲民族店,新北市蘆洲區民族路502號1樓,02-66375079,ok,24hr,
土城學士店,新北市土城區學士路17號,02-66373749,ok,24hr,
五堵摩天店,新北市汐止區大同路三段611號之5/6,02-66373840,ok,24hr,
三重三民店,新北市三重區三民街270號,02-66373061,ok,24hr,
永和智光店,新北市永和區民有街11號1樓,02-66375270,ok,24hr,
汐止新台店,新北市汐止區大同路一段169號1樓,02-66375047,ok,24hr,
鶯歌大湖店,新北市鶯歌區大湖路466號,02-66373481,ok,24hr,
新莊民安店,新北市新莊區民安東路127號1樓,02-66371677,ok,24hr,
新店黎明店,新北市新店區黎明路43/45號,02-66373541,ok,24hr,
汐止大湖店,新北市汐止區明峰街328號,02-66375836,ok,24hr,
泰山雙楓店,新北市泰山區楓江路39之2號,02-66375041,ok,24hr,
泰山貴賢店,新北市泰山區明志路三段141號,02-66373406,ok,24hr,
八里龍米店,新北市八里區龍米路一段430號,02-66374240,ok,24hr,
三重仁愛店,新北市三重區仁愛街479號,02-66373340,ok,24hr,
土城中央店,新北市土城區中央路一段182號,02-66372643,ok,24hr,
汐止金龍店,新北市汐止區明峰街120號,02-66378067,ok,24hr,
泰山貴陽店,新北市泰山區明志路三段353號,02-66375042,ok,24hr,
板橋崑崙店,新北市板橋區大觀路三段160巷36號,02-66375078,ok,24hr,
三峽介壽店,新北市三峽區介壽路一段320號,02-66375035,ok,24hr,
中和景安店,新北市中和區景安路209號,02-66375051,ok,24hr,
汐止中興店,新北市汐止區大同路一段325號,02-66375097,ok,24hr,
汐止祥雲店,新北市汐止區祥雲街2號,02-66375048,ok,24hr,
鶯歌永昌店,新北市鶯歌區鶯桃路97之3號1樓,02-66375012,ok,24hr,
瑞芳瑞工店,新北市瑞芳區頂坪路瑞芳工業區108號,02-66370121,ok,24hr,
板橋華僑店,新北市板橋區僑中二街90巷2號1樓,02-66375032,ok,24hr,
三重福利旺店,新北市三重區過圳街16號1樓,02-66372401,ok,24hr,
汐止康興店,新北市汐止區中興路236號,02-66375040,ok,24hr,
金山金美店,新北市金山區中山路235號,02-66377693,ok,24hr,
竹圍民族店,新北市淡水區民族路51號1樓,02-66375009,ok,24hr,
汐止社福店,新北市汐止區福德三路16號1樓,02-66375061,ok,24hr,
土城永豐店,新北市土城區永豐路149之2號1樓,02-66375508,ok,24hr,
泰山台麗店,新北市泰山區明志路三段202號,02-66375045,ok,24hr,
板橋大華店,新北市板橋區四川路一段170號,02-66375908,ok,24hr,
瑞芳店,新北市瑞芳區明燈路三段84號,02-66371240,ok,24hr,
中和景興店,新北市中和區景新街427號1樓,02-66375086,ok,24hr,
三重成功店,新北市三重區成功路97號,02-66370148,ok,24hr,
中和宜安店,新北市中和區宜安路49號1樓,02-66375058,ok,24hr,
土城學成店,新北市土城區學成路110號1樓,02-66373403,ok,24hr,
傑魚坑店,新北市瑞芳區傑魚坑路55號,02-66373548,ok,24hr,
中和員山店,新北市中和區員山路421號,02-66373642,ok,24hr,
新店崇光店,新北市新店區三民路119號,02-66372423,ok,24hr,
汐止新峰店,新北市汐止區仁愛路111號1樓,02-66378070,ok,24hr,
汐止湖前店,新北市汐止區湖前街33號1樓,02-66375039,ok,24hr,
鶯歌永吉店,新北市鶯歌區鶯桃路208號1樓,02-66372047,ok,24hr,
板橋大仁店,新北市板橋區大仁街80號,02-66375072,ok,24hr,
板橋懷仁店,新北市板橋區懷仁街8號,02-66375006,ok,24hr,
樹林千歲店,新北市樹林區保安二街40號,02-66375052,ok,24hr,
八里華城店,新北市八里區中華路二段468號、470號1樓,02-66375085,ok,24hr,
新店五峰店,新北市新店區中正路61號,02-66372847,ok,24hr,
台鐵浮洲門市,新北市板橋區僑中二街156號,02-66371209,ok,24hr,
深坑北深店,新北市深坑區北深路二段53號1樓,02-66375080,ok,24hr,
泰山泰林店,新北市泰山區泰林路二段192號,02-66373646,ok,24hr,
中和秀峰店,新北市中和區秀峰街117號,02-66373949,ok,24hr,
新莊建安店,新北市新莊區建安街90-1號,02-66372487,ok,24hr,
淡水站前店,新北市淡水區中正路11-7號1樓,02-66375005,ok,24hr,
新莊幸福店,新北市新莊區幸福路712號,02-66373427,ok,24hr,
新店中國城,新北市新店區如意街97號,02-66373428,ok,24hr,
板橋德盛店,新北市板橋區懷德街181巷5號1樓,02-66375090,ok,24hr,
淡水紅毛城店,新北市淡水區真理街2-1號,02-66373423,ok,24hr,
淡水真理店,新北市淡水區新民街122號1樓,02-66375057,ok,24hr,
蘆洲溪墘店,新北市蘆洲區中山一路195號1樓,02-66377236,ok,24hr,
三峽中福店,新北市三峽區中山路9號1樓,02-66372146,ok,24hr,
板橋四川店,新北市板橋區四川路二段128號1樓,02-66375059,ok,24hr,
板橋華德店,新北市板橋區四川路二段245巷53號,02-66373092,ok,24hr,
新莊八德店,新北市新莊區八德街111號,02-66373915,ok,24hr,
土城延吉店,新北市土城區延吉街170號,02-66372442,ok,24hr,
瑞芳建基店,新北市瑞芳區建基路一段64號1樓,02-66373083,ok,24hr,
新店大同店,新北市新店區北新路三段65巷14號,02-66373742,ok,24hr,
瑞芳逢甲店,新北市瑞芳區逢甲路198號,02-66373546,ok,24hr,
淡水鄧公店,新北市淡水區鄧公路35巷2號1樓,02-66375907,ok,24hr,
樹林中華店,新北市樹林區中華路135號,02-66375070,ok,24hr,
中和積穗店,新北市中和區員山路396號,02-66373649,ok,24hr,
新店中興店,新北市新店區檳榔路29巷2號,02-66373048,ok,24hr,
汐止秀峰店,新北市汐止區秀峰路119號,02-66373647,ok,24hr,
中和烘爐店,新北市中和區興南路二段140號1樓,02-66375019,ok,24hr,
土城海山店,新北市土城區裕民路92巷22弄3號1樓,02-66375087,ok,24hr,
永和四維店,新北市永和區四維街65號1樓,02-66376238,ok,24hr,
瑞芳瑞濱店,新北市瑞芳區瑞濱路32-5號,02-66375075,ok,24hr,
新莊光華店,新北市新莊區西盛街397/399號,02-66373641,ok,24hr,
新店建中店,新北市新店區中正路249號,02-66375046,ok,24hr,
中和中山店,新北市中和區中山路二段252號,02-66371492,ok,24hr,
五股成功店,新北市五股區御史路35巷33、35號1樓,02-66374795,ok,24hr,
三重長泰店,新北市三重區中正北路120號1樓,02-66375909,ok,24hr,
土城福安店,新北市土城區福安街72號1樓,02-66375091,ok,24hr,
鶯歌永福店,新北市鶯歌區福德一路24號1樓,02-66372452,ok,24hr,
汐止明峰店,新北市汐止區明峰街281號,02-66375001,ok,24hr,
三重中北店,新北市三重區中正北路147號,02-66372440,ok,24hr,
板橋裕民店,新北市板橋區裕民街110號,02-66372415,ok,24hr,
三重五財店,新北市三重區仁愛街517號1樓,02-66375017,ok,24hr,
新店中正店,新北市新店區中正路3號,02-66373453,ok,24hr,
樹林桃子腳店,新北市樹林區桃子腳路124號1樓,02-66377966,ok,24hr,
樹林武林店,新北市樹林區保安街二段109號,02-66373143,ok,24hr,
新店安康店,新北市新店區安康路2段266號,02-66371947,ok,24hr,
新莊四維店,新北市新莊區四維路123-1號,02-66372348,ok,24hr,
樹林中正店,新北市樹林區中正路724號,02-66373953,ok,24hr,
新莊中平店,新北市新莊區中平路10號,02-66373383,ok,24hr,
樹林億光門市,新北市樹林區中華路6-8號8樓,02-66374725,ok,24hr,
永和永利店,新北市永和區永利路45號1樓,02-66375003,ok,24hr,
新店忠誠店,新北市新店區北新路二段97巷8號1樓,02-66375053,ok,24hr,
板橋金成店,新北市板橋區金門街365號1樓,02-66375089,ok,24hr,
新莊建中店,新北市新莊區建中街28號,02-66371948,ok,24hr,
三民高中門市,新北市蘆洲區三民路96號B1,02-66370285,ok,24hr,
樹林伯園店,新北市樹林區柑園街二段119／121號1樓,02-66373106,ok,24hr,
汐止仁愛店,新北市汐止區仁愛路180號1樓,02-66375083,ok,24hr,
板橋安樂店,新北市板橋區和平路70號,02-66375016,ok,24hr,
土城延安店,新北市土城區延安街2號1樓,02-66375960,ok,24hr,
中和中和店,新北市中和區中和路163號,02-66375076,ok,24hr,
中和飛駝店,新北市中和區興南路二段159巷4號1樓,02-66373413,ok,24hr,
萬里店,新北市萬里區瑪鍊路39號,02-66373248,ok,24hr,
淡水中正店,新北市淡水區中正路131號,02-66373540,ok,24hr,
新莊龍安店,新北市新莊區四維路215號,02-66372445,ok,24hr,
板橋華江店,新北市板橋區文化路二段584號1樓+B1F,02-66375063,ok,24hr,
淡水自強店,新北市淡水區自強路156號1樓,02-66377672,ok,24hr,
三芝三民店,新北市三芝區三民街27巷2號1樓,02-66375096,ok,24hr,
泰山楓江店,新北市泰山區楓江路30號1樓,02-66375060,ok,24hr,
汐止社后店,新北市汐止區康寧街61巷48號,02-66375007,ok,24hr,
海院門市,新北市淡水區濱海路三段150號(賜福樓B棟1樓),02-66371006,ok,24hr,
中和華夏店,新北市中和區華新街143巷11弄2號1樓,02-66376119,ok,24hr,
蘆洲民權店,新北市蘆洲區民權路87號,02-66373047,ok,24hr,
新店華城門市,新北市新店區華城一路18號1樓,02-66375055,ok,24hr,
鶯歌新興店,新北市鶯歌區國際一路74.76號,02-66375029,ok,24hr,
中和南華店,新北市中和區南山路127巷18弄42號,02-66373549,ok,24hr,
樹林大安店,新北市樹林區大安路530號,02-66375065,ok,24hr,
三爪子坑店,新北市瑞芳區三爪子坑路125號,02-66372071,ok,24hr,
板橋廣和店,新北市板橋區廣和街45號1樓,02-66375580,ok,24hr,
桃園南華店,桃園縣桃園市南華街67號1樓,03-2631572,ok,24hr,
楊梅比佛利店,桃園縣楊梅市青山二街407號1樓+B1樓,03-2639915,ok,24hr,
平鎮平東店,桃園縣平鎮市平東路31-1號,03-2631536,ok,24hr,
觀音信義店,桃園縣觀音鄉信義路77號1樓,03-2631608,ok,24hr,
中壢興仁店,桃園縣中壢市興仁路二段299號,03-2631569,ok,24hr,
平鎮廣明店,桃園縣平鎮市義民路148號1樓,03-2631561,ok,24hr,
平鎮湧光店,桃園縣平鎮市湧光路448.450號,03-2631248,ok,24hr,
八德瑞豐店,桃園縣八德市介壽路二段935號,03-2631535,ok,24hr,
平鎮新榮店,桃園縣平鎮市延平路一段199/201號,03-2631552,ok,24hr,
大溪康莊店,桃園縣大溪鎮康莊路30號,03-2631625,ok,24hr,
中壢華勛店,桃園縣中壢市華勛街305號,03-2631548,ok,24hr,
中壢徐州店,桃園縣中壢市環中東路二段328號1樓,03-2631516,ok,24hr,
楊梅立同店,桃園縣楊梅市自立街301號1樓,03-2631638,ok,24hr,
中壢龍川店,桃園縣中壢市龍昌路208號,03-2631575,ok,24hr,
大園長榮門市,桃園縣大園鄉航勤北路8-1號3樓,03-2639328,ok,24hr,
平鎮宋屋店,桃園縣平鎮市延平路三段9/11號,03-2631525,ok,24hr,
桃園廈門店,桃園縣桃園市中山路676號1樓,03-2631590,ok,24hr,
桃園中央店,桃園縣桃園市中正路269號,03-2630732,ok,24hr,
觀音草漯店,桃園縣觀音鄉大觀路二段161號1樓,03-2634570,ok,24hr,
桃園桃鶯店,桃園縣桃園市桃鶯路384-11號,03-2631502,ok,24hr,
中壢吉林店,桃園縣中壢市忠孝路479號1樓,03-2631586,ok,24hr,
中壢金峰店,桃園縣中壢市中山東路三段2號,03-2631595,ok,24hr,
龜山楓樹坑店,桃園縣龜山鄉忠義路一段202號1樓,03-2631908,ok,24hr,
龜山憲校門市,桃園縣龜山鄉復興街301號之1,03-2639910,ok,24hr,
中壢信義店,桃園縣中壢市中北路二段400號,03-2630159,ok,24hr,
佳世達門市,桃園縣龜山鄉山鶯路157號2樓,03-2631702,ok,24hr,
龍潭北龍店,桃園縣龍潭鄉北龍路58號,03-2631557,ok,24hr,
蘆竹海山店,桃園縣蘆竹鄉海山路一段232號1樓,03-2631637,ok,24hr,
中壢莊敬店,桃園縣中壢市莊敬路162號,03-2631619,ok,24hr,
中壢龍和店,桃園縣中壢市龍昌路258號+B1,03-2631615,ok,24hr,
龍潭新生店,桃園縣龍潭鄉新生路口114號1樓,03-2631538,ok,24hr,
大園三和店,桃園縣大園鄉果林村拔子林街9-9號1樓,03-2630125,ok,24hr,
龍潭龍華店,桃園縣龍潭鄉龍華路22號1-3F,03-2631549,ok,24hr,
中壢福州店,桃園縣中壢市中北路二段350～354號,03-2630213,ok,24hr,
大湳大安店,桃園縣八德市和平路530/532號,03-2631528,ok,24hr,
桃園正康店,桃園縣桃園市正康二街83號,03-2631541,ok,24hr,
桃園民族店,桃園縣桃園市民族路204號,03-2631531,ok,24hr,
中壢龍崗店,桃園縣中壢市龍崗路一段196號,03-2631440,ok,24hr,
桃園埔新店,桃園縣桃園市力行路40號1樓,03-2631628,ok,24hr,
桃園長春店,桃園縣桃園市中正五街137號1樓,03-2631627,ok,24hr,
平鎮貿西店,桃園縣平鎮市中正五路162號1樓,03-2631792,ok,24hr,
大園三民店,桃園縣大園鄉三民路二段95／97號1樓,03-2631617,ok,24hr,
平鎮金陵店,桃園縣平鎮市金陵路二段452號,03-2631570,ok,24hr,
南崁富國店,桃園縣蘆竹鄉富國路三段1460號,03-2630659,ok,24hr,
中壢榮安店,桃園縣中壢市環中東路50號,03-2631613,ok,24hr,
平鎮山峰店,桃園縣平鎮市中豐路山頂段373號,03-2631551,ok,24hr,
中壢七福店,桃園縣中壢市龍東路447號1～2樓,03-2631546,ok,24hr,
龜山貿商店,桃園縣龜山鄉中興路166-5號1樓,03-2631513,ok,24hr,
桃園武陵店,桃園縣桃園市中山路992/994號,03-2631556,ok,24hr,
中壢五權店,桃園縣中壢市五興路345號,03-2631587,ok,24hr,
觀音忠孝店,桃園縣觀音鄉大觀路2段2號,03-2631578,ok,24hr,
平鎮華光店,桃園縣平鎮市金陵路三段249號／247巷2號1樓,03-2631620,ok,24hr,
大湳和平店,桃園縣八德市和平路222號,03-2631520,ok,24hr,
桃園大有店,桃園縣桃園市大有路658號,03-2631530,ok,24hr,
龜山山鶯店,桃園縣龜山鄉山鶯路200號,03-2631588,ok,24hr,
國防大學門市,桃園縣八德市興豐路1000號1樓,03-2631880,ok,24hr,
桃園埔子店,桃園縣桃園市永安路754號,03-2631568,ok,24hr,
員樹林店,桃園縣大溪鎮員林路2段411號1樓,03-2631495,ok,24hr,
龜山忠義店,桃園縣龜山鄉忠義路三段1-1號1樓,03-2631610,ok,24hr,
平鎮和平店,桃園縣平鎮市和平路117號1樓,03-2631601,ok,24hr,
楊梅埔心店,桃園縣楊梅市永美路329號,03-2631539,ok,24hr,
龍潭龍元店,桃園縣龍潭鄉龍元路110號,03-2631519,ok,24hr,
平鎮崇泰店,桃園縣平鎮市延平路三段6-1號1樓,03-2639743,ok,24hr,
大湳大忠店,桃園縣八德市和平路55號,03-2631537,ok,24hr,
龍潭南華店,桃園縣龍潭鄉中正路73號1樓,03-2631599,ok,24hr,
觀音綠能門市,桃園縣觀音鄉觀音工業區大同一路19號之2 B1樓,03-2634668,ok,24hr,
新屋東明店,桃園縣新屋鄉中山西路一段572號1樓,03-2631573,ok,24hr,
平鎮忠貞店,桃園縣平鎮市龍南路349號,03-2631507,ok,24hr,
觀音中興店,桃園縣觀音鄉中興路15號1樓,03-2631609,ok,24hr,
中壢百齡店,桃園縣中壢市龍門街137號1樓,03-2639250,ok,24hr,
龍潭中央店,桃園縣龍潭鄉中央街138+140號1樓,03-2639763,ok,24hr,
大溪得勝店,桃園縣大溪鎮得勝路1號,03-2631518,ok,24hr,
平鎮環南店,桃園縣平鎮市龍南路22、24號1樓,03-2631596,ok,24hr,
中壢利民店,桃園縣中壢市利民路1號,03-2631576,ok,24hr,
中壢中原店,桃園縣中壢市中北路191號,03-2631505,ok,24hr,
桃園中華店,桃園縣桃園市中華路166號,03-2631605,ok,24hr,
平鎮德育店,桃園縣平鎮市德育路二段165號1樓,03-2639231,ok,24hr,
平鎮振金店,桃園縣平鎮市金陵路二段24號,03-2631611,ok,24hr,
中壢文化店,桃園縣中壢市文化路336號1樓,03-2631606,ok,24hr,
中壢台達門市,桃園縣中壢市東園路3號地下室1樓,03-2631636,ok,24hr,
中壢育樂店,桃園縣中壢市中正路257號1樓,03-2631558,ok,24hr,
桃園建國店,桃園縣桃園市建國路156-9號,03-2631500,ok,24hr,
中壢南亞店,桃園縣中壢市中山東路三段文化新村9號,03-2631540,ok,24hr,
大園遠雄門市,桃園縣大園鄉航翔路101號1樓,03-2631630,ok,24hr,
龜山文明店,桃園縣龜山鄉文明路71-2號,03-2631550,ok,24hr,
八德忠勇店,桃園縣八德市介壽路一段401.403.405號1樓,03-2631523,ok,24hr,
龍潭民富店,桃園縣龍潭鄉民生路11+13號1樓,03-2630755,ok,24hr,
平鎮育達店,桃園縣平鎮市育達路87號,03-2631542,ok,24hr,
桃園角板山店,桃園縣復興鄉中正路93、95號1樓,03-2631527,ok,24hr,
桃園高城店,桃園縣八德市高城路72號,03-2631448,ok,24hr,
桃園中埔店,桃園縣桃園市中埔二街155號1+2樓,03-2639619,ok,24hr,
技嘉門市,桃園縣平鎮市南平路211號1樓,03-2631635,ok,24hr,
中壢雙連店,桃園縣中壢市五權里五興路402號1樓,03-2631597,ok,24hr,
平鎮東安店,桃園縣平鎮市平東路138號1樓,03-2631632,ok,24hr,
中壢龍平店,桃園縣中壢市龍東路128號1樓,03-2639225,ok,24hr,
中壢清雲店,桃園縣中壢市健行路99號,03-2631567,ok,24hr,
中壢王子店,桃園縣中壢市王子街50號,03-2631511,ok,24hr,
八德高明店,桃園縣八德市富城街117號1樓,03-2631633,ok,24hr,
龜山明基門市,桃園縣龜山鄉建國東路29號2樓,03-2630779,ok,24hr,
中壢榮學店,桃園縣中壢市榮民南路186號1樓、2樓,03-2639085,ok,24hr,
龜山萬壽店,桃園縣龜山鄉萬壽路二段680之2號1樓,03-2631603,ok,24hr,
大溪光明店,桃園縣大溪鎮員林路二段281號1樓,03-2631510,ok,24hr,
台表科門市,桃園縣桃園市桃鶯路437號B1,03-2634528,ok,24hr,
蘆竹南竹店,桃園縣蘆竹鄉南竹路五段155號1樓,03-2634576,ok,24hr,
龍潭民族店,桃園縣龍潭鄉民族路412號,03-2631545,ok,24hr,
中壢龍昌店,桃園縣中壢市龍昌路302號,03-2631565,ok,24hr,
楊梅新農店,桃園縣楊梅市新農街377號1-3樓,03-2631592,ok,24hr,
蘆竹山林店,桃園縣蘆竹鄉山林路二段391／393／395號,03-2631621,ok,24hr,
中壢元化店,桃園縣中壢市元化路二段27號,03-2631543,ok,24hr,
大園中山店,桃園縣大園鄉中山南路201號1樓,03-2631577,ok,24hr,
桃園龍祥店,桃園縣桃園市龍祥街48號1樓,03-2631629,ok,24hr,
龍潭佳安店,桃園縣龍潭鄉佳安村七鄰十一份19號,03-2631560,ok,24hr,
八德興豐店,桃園縣八德市興豐路570號1樓,03-2631553,ok,24hr,
南崁中正店,桃園縣蘆竹鄉中正路203號1樓,03-2631517,ok,24hr,
大園忠泰店,桃園縣大園鄉三民路二段16-5、16-6號1樓,03-2631529,ok,24hr,
中壢永福店,桃園縣中壢市永福路1042號,03-2631585,ok,24hr,
中壢復華店,桃園縣中壢市復華街50號1樓,03-2634652,ok,24hr,
八德富城店,桃園縣八德市永豐路554/556號1樓,03-2631607,ok,24hr,
平鎮龍恩店,桃園縣平鎮市游泳路120巷1弄2、4號1樓,03-2631579,ok,24hr,
桃園博愛店,桃園縣桃園市博愛路97.99號,03-2639399,ok,24hr,
桃園同德店,桃園縣桃園市同安街340、342號1樓,03-2639611,ok,24hr,
桃園果林店,桃園縣大園鄉果林村拔子林23-1號,03-2631509,ok,24hr,
平鎮新埔店,桃園縣平鎮市環南路二段280號,03-2631583,ok,24hr,
觀音中正店,桃園縣觀音鄉中正路143號1+2樓,03-2631526,ok,24hr,
楊梅永美店,桃園縣楊梅市埔心永美路163號,03-2631508,ok,24hr,
大溪中華店,桃園縣大溪鎮信義路158號,03-2631522,ok,24hr,
楊梅中華店,桃園縣楊梅市秀才路552號,03-2631562,ok,24hr,
中壢精忠店,桃園縣中壢市莊敬路779號,03-2631623,ok,24hr,
桃園民生店,桃園縣桃園市民生路621之1號,03-2631580,ok,24hr,
八德桃德店,桃園縣八德市桃德路151號,03-2631533,ok,24hr,
八德長和店,桃園縣八德市和平路670-2、670-3號1樓,03-2631830,ok,24hr,
大園尖山店,桃園縣大園鄉中山南路一段82、84號1樓,03-2631631,ok,24hr,
中壢中央店,桃園縣中壢市中央西路二段148號1樓,03-2631593,ok,24hr,
平鎮南平店,桃園縣平鎮市南平路119號,03-2631446,ok,24hr,
平鎮壢新店,桃園縣平鎮市復旦路二段23巷1號,03-2631600,ok,24hr,
大溪員林店,桃園縣大溪鎮員林路二段414號,03-2631566,ok,24hr,
龜山大同店,桃園縣龜山鄉大同路329號,03-2631532,ok,24hr,
中壢永泰店,桃園縣中壢市溪州街71號1樓,03-2631512,ok,24hr,
桃園法治店,桃園縣桃園市法治路2.4號,03-2631571,ok,24hr,
新竹忠孝店,新竹市東區忠孝路213號,03-6106243,ok,24hr,
新竹空軍門市,新竹市北區吉羊路1號,03-6106032,ok,24hr,
竹東學興店,新竹縣竹東鎮學府路80+82號1樓,03-6107261,ok,24hr,
竹東竹中店,新竹縣竹東鎮竹中路2號,03-6106490,ok,24hr,
關西東光店,新竹縣關西鎮十六張111號,03-6106413,ok,24hr,
關西安東店,新竹縣關西鎮博愛路59號之5一樓,03-6106617,ok,24hr,
竹東大豐店,新竹縣竹東鎮中豐路三段134號,03-6106610,ok,24hr,
新豐忠孝店,新竹縣新豐鄉忠孝路2號,03-6106632,ok,24hr,
竹東信義店,新竹縣竹東鎮東林路48號,03-6106603,ok,24hr,
新竹國華店,新竹市北區國華街58號1樓及夾層,03-6105919,ok,24hr,
新埔遠東店,新竹縣新埔鎮文山里文山路亞東段601號1.2樓,03-6106630,ok,24hr,
北埔埔心店,新竹縣北埔鄉埔心街74號,03-6106618,ok,24hr,
湖口八德店,新竹縣湖口鄉八德路一段761號1樓,03-6106621,ok,24hr,
竹北東興店,新竹縣竹北市東興路一段941、943號1樓,03-6106643,ok,24hr,
新竹湳雅店,新竹市北區光華二街133巷1號,03-6106045,ok,24hr,
新竹光復店,新竹市東區光復路一段172號,03-6105941,ok,24hr,
橫山福興店,新竹縣橫山鄉中豐路三段62號1樓,03-6106642,ok,24hr,
竹北嘉興店,新竹縣竹北市嘉興路333號1樓,03-6106619,ok,24hr,
北埔南興店,新竹縣北埔鄉南興街122號,03-6106613,ok,24hr,
新竹頂埔店,新竹市香山區牛埔東路119號1樓,03-6106348,ok,24hr,
新豐福興店,新竹縣新豐鄉福興村9鄰11股93號,03-6106412,ok,24hr,
台鐵竹北門市,新竹縣竹北市和平街59號,03-6106648,ok,24hr,
竹北縣福店,新竹縣竹北市光明九路76號,03-6106640,ok,24hr,
竹北斗崙店,新竹縣竹北市福興路701號1樓,03-6106605,ok,24hr,
新竹東復店,新竹市東區關東路57、59、61號1樓,03-6106346,ok,24hr,
竹東中興店,新竹縣竹東鎮中興路三段276號1樓,03-6106606,ok,24hr,
湖口千禧店,新竹縣湖口鄉千禧路2巷2號,03-6106627,ok,24hr,
新埔仁屋店,新竹縣新埔鎮中正路110、112號1樓,03-6107393,ok,24hr,
竹東北興店,新竹縣竹東鎮中豐路一段72.74號,03-6106629,ok,24hr,
新竹光田店,新竹市北區東大路二段170號,03-6106042,ok,24hr,
新豐成德店,新竹縣新豐鄉成德街1號1-3樓,03-6106602,ok,24hr,
新竹內湖店,新竹市香山區內湖路103號/105號1樓,03-6106341,ok,24hr,
新竹富禮店,新竹市香山區富禮街1號1樓,03-6106043,ok,24hr,
湖口達生店,新竹縣湖口鄉達生路90.92號,03-6106443,ok,24hr,
新竹南平店,新竹市北區東大路四段1號,03-6105740,ok,24hr,
新埔埔興店,新竹縣新埔鎮新關路78號1樓,03-6106637,ok,24hr,
湖口永安店,新竹縣湖口鄉永安街68號,03-6106607,ok,24hr,
竹東中豐店,新竹縣竹東鎮中豐路二段338號1樓,03-6106626,ok,24hr,
新竹元興店,新竹市香山區元培街381號1樓,03-6106349,ok,24hr,
橫山內灣店,新竹縣橫山鄉內灣村中正路79號,03-6106608,ok,24hr,
竹北光明店,新竹縣竹北市光明三路59號,03-6106636,ok,24hr,
新埔枋寮店,新竹縣新埔鎮義民路三段726號1樓,03-6107197,ok,24hr,
新竹富林店,新竹縣芎林鄉富林路二段603號,03-6106631,ok,24hr,
竹北福興店,新竹縣竹北市福興東路二段17號,03-6106615,ok,24hr,
湖口站前店,新竹縣湖口鄉中山路二段154、156、158號,03-6106812,ok,24hr,
湖口中正店,新竹縣湖口鄉中正路一段104號,03-6106441,ok,24hr,
新豐康樂店,新竹縣新豐鄉康樂路一段104號,03-6106641,ok,24hr,
新竹成功店,新竹市北區中正路481號,03-6106149,ok,24hr,
新竹藝術店,新竹市東區藝術路8號1樓,03-6106347,ok,24hr,
關西成功店,新竹縣關西鎮中山東路31號1樓,03-6106638,ok,24hr,
湖口長嶺店,新竹縣湖口鄉八德路三段27號,03-6106612,ok,24hr,
竹北福華店,新竹縣竹北市中華路67號,03-6106628,ok,24hr,
湖口中華店,新竹縣湖口鄉中華路110號,03-6106601,ok,24hr,
竹北台元門市,新竹縣竹北市台元街34號1樓,03-6106496,ok,24hr,
新竹義民店,新竹縣新埔鎮文山里褒忠路466號,03-6106616,ok,24hr,
新豐新市店,新竹縣新豐鄉新市路193號1樓,03-6106625,ok,24hr,
台鐵新豐門市,新竹縣新豐鄉新興路202號,03-6106647,ok,24hr,
竹東長興店,新竹縣竹東鎮北興路一段591號,03-6106645,ok,24hr,
新竹虎林店,新竹市香山區延平路二段171/173號,03-6106041,ok,24hr,
新埔仁愛店,新竹縣新埔鎮文德路三段215號1樓,03-6106620,ok,24hr,
新竹自由店,新竹市東區自由路18號,03-6106407,ok,24hr,
竹北豐田店,新竹縣竹北市中正西路999-1001號,03-6106639,ok,24hr,
新豐新庄店,新竹縣新豐鄉新庄路199號,03-6106405,ok,24hr,
湖口科大店,新竹縣湖口鄉中山路三段523、525、527號1樓,03-6107230,ok,24hr,
新竹漁港店,新竹市北區東大路四段273號1樓,03-6106146,ok,24hr,
苗栗光華店,苗栗縣苗栗市玉維路34號1樓,037-243566,ok,24hr,
苗栗金龍店,苗栗縣苗栗市愛國路28號30號1樓,037-243561,ok,24hr,
造橋平仁店,苗栗縣造橋鄉平仁路53-1號,037-243550,ok,24hr,
頭份陽興店,苗栗縣頭份鎮水源路326號1樓,037-243567,ok,24hr,
苗栗將軍店,苗栗縣苗栗市中山路870號1樓,037-243570,ok,24hr,
頭份信東店,苗栗縣頭份鎮信東路226號,037-243562,ok,24hr,
造橋談文店,苗栗縣造橋鄉談文村8鄰淡文湖51-15號1樓,037-243640,ok,24hr,
竹南佳興店,苗栗縣竹南鎮照南路2號1樓,03-7243875,ok,24hr,
苗栗農工門市,苗栗縣苗栗市玉維路286號(苗栗農工綜合教學大樓1樓西側),037-243865,ok,24hr,
苗栗三灣店,苗栗縣三灣鄉中正路269號,037-243611,ok,24hr,
竹南明勝店,苗栗縣竹南鎮海口里明勝路392號1樓,037-243616,ok,24hr,
頭份尖山店,苗栗縣頭份鎮中華路119號,037-243825,ok,24hr,
竹南新北店,苗栗縣竹南鎮新南里崁頂16鄰23號1樓,037-243565,ok,24hr,
三義雙湖店,苗栗縣三義鄉雙湖村雙湖16鄰雙湖96號,037-243625,ok,24hr,
竹南大埔店,苗栗縣竹南鎮仁愛路1220號,037-243637,ok,24hr,
苗栗福麗店,苗栗縣苗栗市民族路132號1樓,037-243642,ok,24hr,
竹南復興店,苗栗縣竹南鎮保安林101號,037-243632,ok,24hr,
苗栗南庄店,苗栗縣南庄鄉中正路67號1樓,037-243617,ok,24hr,
苗栗銅鑼店,苗栗縣銅鑼鄉中正路207號1樓,037-243639,ok,24hr,
頭份信中店,苗栗縣頭份鎮信中路2號1樓,037-243575,ok,24hr,
苗栗車站店,苗栗縣苗栗市為公路8號1樓,037-243615,ok,24hr,
苑裡億光門市,苗栗縣苑裡鎮玉田里國光巷35號,037-243532,ok,24hr,
頭份尖豐店,苗栗縣頭份鎮尖豐路735、737號,037-243643,ok,24hr,
苗栗玉苗店,苗栗縣苗栗市中山路653號,037-243563,ok,24hr,
台中新平店,台中市太平區永平路一段124/126號,04-36091760,ok,24hr,
台中美德店,台中市北區美德街211號,04-36090847,ok,24hr,
台中和祥店,台中市北屯區東山路一段375號1樓,04-36091649,ok,24hr,
台中綏遠店,台中市北屯區綏遠路二段216號,04-36090547,ok,24hr,
大雅文化店,台中市大雅區文化路1之1號,04-36093008,ok,24hr,
台中忠太店,台中市北區忠明路369號,04-36090490,ok,24hr,
后里三豐店,台中市后里區三豐路177號1樓,04-36093028,ok,24hr,
烏日成功店,台中市烏日區中山路三段500號1號,04-36091877,ok,24hr,
潭子潭興店,台中市潭子區潭興路二段340號,04-36093002,ok,24hr,
潭子卓越店,台中市潭子區中山路一段310、312號,04-36093650,ok,24hr,
台中柳川店,台中市北區五權路329-2號,04-36090842,ok,24hr,
台中向心南店,台中市南屯區向心南路983號,04-36090597,ok,24hr,
台中太平店,台中市太平區太平路227號,04-36093009,ok,24hr,
台中福星店,台中市西屯區福星路327號,04-36090365,ok,24hr,
台中成都店,台中市西屯區成都路229號1樓,04-36091413,ok,24hr,
台中建成店,台中市東區建成路675號1樓,,ok,24hr,
台中仁和店,台中市南區台中路382/386號,04-36090747,ok,24hr,
太平光興店,台中市太平區光興路720號,04-36093038,ok,24hr,
大甲和平店,台中市大甲區和平路194號1樓,04-36093042,ok,24hr,
台中霧峰店,台中市霧峰區四德里四德路575號,04-36093032,ok,24hr,
台中文心店,台中市北屯區文心路四段894.896號1樓,04-36090943,ok,24hr,
台中華成店,台中市北屯區松義街132號,04-36090941,ok,24hr,
台中富大店,台中市中區中山路276號,04-36091411,ok,24hr,
豐原西勢店,台中市豐原區西勢路198號,04-36093035,ok,24hr,
台中寶慶店,台中市西屯區寶慶街30巷7號,04-36090965,ok,24hr,
太平興隆店,台中市太平區光興路1430號,04-36093037,ok,24hr,
大雅和平店,台中市大雅區中清路四段312號,04-36093020,ok,24hr,
神岡民德店,台中市神岡區中山路454號,04-36093025,ok,24hr,
台中漢口店,台中市北區漢口路三段50號1樓.B1,04-36091463,ok,24hr,
嶺東門市,台中市南屯區嶺東路一號一樓,04-36099185,ok,24hr,
台中振興店,台中市東區振興路294之3號,04-36091077,ok,24hr,
台中軍和店,台中市北屯區東山路一段238號,04-36091401,ok,24hr,
神崗和睦店,台中市神岡區和睦路462號,04-36093013,ok,24hr,
沙鹿公明店,台中市沙鹿區忠貞路202、204號,04-36091280,ok,24hr,
台中公館店,台中市西區南屯路一段49-1號1樓,04-36090423,ok,24hr,
大里永興店,台中市大里區東榮路439號1樓,04-36093007,ok,24hr,
台中大連店,台中市北屯區大連路一段202號,04-36090085,ok,24hr,
台中黎明店,台中市南屯區黎明路二段510號,04-36090641,ok,24hr,
台中健行店,台中市北區健行路701號,04-36090492,ok,24hr,
大甲順天店,台中市大甲區新政路43之4號1樓,04-36093556,ok,24hr,
霧峰五福店,台中市霧峰區五福里中投東路二段386號1樓,04-36093036,ok,24hr,
龍井國際店,台中市龍井區藝術街40號,04-36093003,ok,24hr,
台中太原店,台中市西屯區太原路一段63.65號,04-36091410,ok,24hr,
龍井新東店,台中市龍井區新興路80號,04-36093031,ok,24hr,
台中登峰店,台中市北區大雅路460號1樓,04-36093819,ok,24hr,
台中英才店,台中市北區英才路388/388-1號,04-36091043,ok,24hr,
梧棲大庄店,台中市梧棲區中央路一段825號1樓,04-36090009,ok,24hr,
霧峰錦州店,台中市霧峰區錦州路399號1樓,04-36095094,ok,24hr,
台中長安店,台中市西屯區長安路二段120號 / 122巷1號,04-36091747,ok,24hr,
台中豐年店,台中市太平區大源18街1號,04-36093005,ok,24hr,
太平勤益店,台中市太平區中山路一段324號,04-36091853,ok,24hr,
台中瀋陽店,台中市北屯區梅川東路四段95號,04-36090841,ok,24hr,
台中中工店,台中市西屯區中工三路60.62號1樓,04-36090815,ok,24hr,
太平宜昌店,台中市太平區宜昌路128號、130號1樓,04-36093041,ok,24hr,
大里樹王店,台中市大里區樹王里文心南路1345號,04-36093016,ok,24hr,
大里修平店,台中市大里區仁化里工業二路102.106號1樓,04-36093033,ok,24hr,
台中文山店,台中市南屯區文山七街205號1+2樓,04-36090648,ok,24hr,
台中市府店,台中市中區平等街1號1樓,04-36091489,ok,24hr,
修平門市,台中市大里區工業路11號B1美食廣場,04-36093559,ok,24hr,
大里爽文店,台中市大里區爽文路631號,04-36093021,ok,24hr,
嶺東寶文門市,台中市南屯區嶺東路1號(寶文校區寶文教學大樓B棟B1F),04-36095381,ok,24hr,
神岡三民店,台中市神岡區三民路495號,04-36093018,ok,24hr,
台中福上店,台中市西屯區河南路二段270號,04-36090947,ok,24hr,
台中加州門市,台中市北區三民路三段125號1樓,04-36093092,ok,24hr,
台中梅亭店,台中市北區梅亭街56.58號,04-36091231,ok,24hr,
台中進化店,台中市北區進化路628號1樓.B1,04-36091402,ok,24hr,
台中大益店,台中市西區向上南路129號1樓+地下室,04-36095014,ok,24hr,
大肚遊園店,台中市大肚區遊園路二段129、131號,04-36091842,ok,24hr,
大里三興店,台中市大里區國光路2段147/149號,04-36093010,ok,24hr,
台中河南店,台中市西屯區河南路二段502號,04-36090647,ok,24hr,
台中樂業店,台中市東區樂業路286號,04-36091453,ok,24hr,
台中中清店,台中市北屯區中清路150-13號,04-36090497,ok,24hr,
台中柳陽店,台中市北屯區柳陽東街45-4號,04-36091241,ok,24hr,
台中旅順店,台中市北屯區旅順路二段126號,04-36091247,ok,24hr,
大里東榮店,台中市大里區益民路一段94號,04-36093017,ok,24hr,
潭子圓通店,台中市潭子區圓通南路258號1.2樓,04-36093006,ok,24hr,
台中家商店,台中市東區復興路四段44/46號,04-36091211,ok,24hr,
大甲高中店,台中市大甲區順天路2號1樓,04-36095569,ok,24hr,
台中坪林店,台中市太平區中山路三段2之1號1.2樓,04-36093026,ok,24hr,
龍井自強店,台中市大肚區遊園路二段203巷3弄89號,04-36093023,ok,24hr,
沙鹿中棲店,台中市沙鹿區中棲路102-1號,04-36093039,ok,24hr,
烏日新興店,台中市烏日區新興路427號,04-36093019,ok,24hr,
台中光復店,台中市中區平等街112、114號1樓,04-36090880,ok,24hr,
太平中平店,台中市太平區中平路160號,04-36093015,ok,24hr,
神岡中正店,台中市神岡區神岡路122號1樓,04-36093012,ok,24hr,
台中永順店,台中市南屯區黎明路一段812之10號,04-36091137,ok,24hr,
台中公正店,台中市西區公正路261號,04-36091245,ok,24hr,
太平永成店,台中市太平區永平南路68號1樓,04-36099130,ok,24hr,
台中居仁店,台中市西區居仁街23號,04-36090489,ok,24hr,
台中公益店,台中市西區公益路95號,04-36090356,ok,24hr,
大里大元店,台中市大里區中興路二段92號1樓,04-36093811,ok,24hr,
台中松竹店,台中市北屯區松山街148號,04-36091243,ok,24hr,
台中樹義店,台中市南區樹義六巷3之2號1樓,04-36091741,ok,24hr,
彰化彰橋店,彰化縣福興鄉彰鹿路七段541號1樓+地下室,04-7003932,ok,24hr,
二林萬興店,彰化縣二林鎮二溪路六段508、510、512號1樓,04-7003903,ok,24hr,
田中復興店,彰化縣田中鎮員集路二段448、450號1樓,04-7003916,ok,24hr,
和美新勝店,彰化縣和美鎮鹿和路六段452號1樓,04-7001815,ok,24hr,
彰化建國店,彰化縣彰化市建國北路238號1樓,04-7003926,ok,24hr,
彰化二水店,彰化縣二水鄉光化村光文路9號1樓,04-7003745,ok,24hr,
彰化旭光店,彰化縣彰化市旭光路273/275號,04-7003842,ok,24hr,
彰化員鹿店,彰化縣員林鎮員鹿路192號,04-7003849,ok,24hr,
溪湖向上店,彰化縣溪湖鎮向上路22號,04-7003922,ok,24hr,
彰化社頭店,彰化縣社頭鄉中興路70號1樓,04-7003917,ok,24hr,
社頭清水店,彰化縣社頭鄉清水岩路296之1號,04-7003929,ok,24hr,
彰化公園店,彰化縣彰化市公園路一段471號1樓,04-7003935,ok,24hr,
彰化永靖店,彰化縣永靖鄉永福路一段157號1樓,04-7003930,ok,24hr,
彰化大埔店,彰化縣彰化市大埔路619號之1,04-7003791,ok,24hr,
二水光復店,彰化縣二水鄉員集路3段606號1樓,04-7001839,ok,24hr,
彰化福興店,彰化縣福興鄉員鹿路一段379號,04-7003923,ok,24hr,
北斗舜耕店,彰化縣北斗鎮中山路一段88.90號,04-7003919,ok,24hr,
二林仁愛店,彰化縣二林鎮仁愛路472號1樓,04-7003905,ok,24hr,
彰化田尾店,彰化縣田尾鄉民生路一段7號1樓,04-7003918,ok,24hr,
和美道周店,彰化縣和美鎮道周路535號1樓,04-7003816,ok,24hr,
社頭仁雅店,彰化縣社頭鄉員集路二段156號,04-7003908,ok,24hr,
彰化福安店,彰化縣彰化市福山街214號,04-7003927,ok,24hr,
員林南平店,彰化縣員林鎮南平街140號1樓,04-7003925,ok,24hr,
和美線東店,彰化縣和美鎮線東路三段1號,04-7003909,ok,24hr,
埔心忠義店,彰化縣埔心鄉忠義北路1號,04-7003902,ok,24hr,
彰化延平店,彰化縣彰化市大埔路485巷37號1樓,04-7001759,ok,24hr,
彰化線平店,彰化縣彰化市線東路1段274號,04-7003928,ok,24hr,
員林浮圳店,彰化縣員林鎮浮圳路二段237號1樓,04-7001562,ok,24hr,
彰化一德店,彰化縣彰化市一德南路257/259號,04-7003845,ok,24hr,
彰化鹿東店,彰化縣鹿港鎮鹿東路209號1樓,04-7003853,ok,24hr,
大村福興店,彰化縣大村鄉山腳路76-5號1樓,04-7003920,ok,24hr,
和美東萊店,彰化縣和美鎮東萊路153號1樓,04-7003921,ok,24hr,
埔心中正店,彰化縣埔心鄉中正路一段296號,04-7003912,ok,24hr,
鹿港泳福店,彰化縣鹿港鎮鹿草路一段247號,04-7003911,ok,24hr,
鹿港中山店,彰化縣鹿港鎮中山路519號,04-7003900,ok,24hr,
彰化彰水店,彰化縣福興鄉彰水路282號和284號1樓,04-7003931,ok,24hr,
彰化天祥店,彰化縣彰化市天祥路241號,04-7001785,ok,24hr,
彰化光復店,彰化縣彰化市光復路107.109號,04-7003657,ok,24hr,
員林林森店,彰化縣員林鎮林森路174.176號,04-7003907,ok,24hr,
彰化茄苳店,彰化縣彰化市茄苳路二段39號1樓,04-7003740,ok,24hr,
彰化國聖店,彰化縣彰化市中山路三段512號1樓,04-7003705,ok,24hr,
員林大同店,彰化縣員林鎮大同路二段237號,04-7003936,ok,24hr,
埔心新館店,彰化縣埔心鄉新館路726號1樓,04-7003913,ok,24hr,
二林儒林店,彰化縣二林鎮儒林路二段263號,04-7003933,ok,24hr,
埔心員鹿店,彰化縣埔心鄉員鹿路一段123.125號,04-7003906,ok,24hr,
南投碧興店,南投縣草屯鎮碧興路一段3號,04-96003581,ok,24hr,
南投新興店,南投縣南投市南營路218號,04-96003545,ok,24hr,
埔里中山店,南投縣埔里鎮中山路三段451號1樓,04-96003601,ok,24hr,
南投復興店,南投縣南投市復興路461號1+2+3樓,04-96003603,ok,24hr,
名間華山店,南投縣名間鄉彰南路354-11、354-12號,04-96003533,ok,24hr,
南投中興店,南投縣南投市中興路765號,04-96003549,ok,24hr,
南投國姓店,南投縣國姓鄉石門村中興路184號1樓,04-96003597,ok,24hr,
草屯中興店,南投縣草屯鎮中興路210號,04-96003543,ok,24hr,
南投南鄉店,南投縣南投市南鄉路377.379號,04-96003546,ok,24hr,
埔里南昌店,南投縣埔里鎮西安路一段72.74號,04-96003583,ok,24hr,
草屯虎山店,南投縣草屯鎮新生東路1號,04-96003716,ok,24hr,
草屯中正店,南投縣草屯鎮中正路885號1樓,04-96003602,ok,24hr,
南投成功店,南投縣南投市成功三路317號1樓,04-96003605,ok,24hr,
埔里西寧店,南投縣埔里鎮中山路三段106號,04-96003589,ok,24hr,
南投平山店,南投縣南投市平山里彰南路三段61號1F,04-96003570,ok,24hr,
名間彰南店,南投縣名間鄉彰南路534號,04-96003569,ok,24hr,
草屯忠孝店,南投縣草屯鎮忠孝街200號,04-96003547,ok,24hr,
南投南雲店,南投縣南投市大庄路201-1號,04-96003548,ok,24hr,
名間松嶺店,南投縣名間鄉松嶺街288號1樓,04-96003553,ok,24hr,
台鐵斗南門市,雲林縣斗南鎮中山路2號,05-7003934,ok,24hr,
雲林四湖店,雲林縣四湖鄉中正路345號,05-7003805,ok,24hr,
雲林台大門市,雲林縣斗六市雲林路二段579號,05-7003668,ok,24hr,
雲林縣府店,雲林縣斗六市雲林路2段418號,05-7003686,ok,24hr,
雲林瑞農店,雲林縣林內鄉林中村瑞農路10號1樓,05-7003650,ok,24hr,
虎尾台大門市,雲林縣虎尾鎮廉使里19鄰學府路95號,05-7003658,ok,24hr,
西螺建興店,雲林縣西螺鎮建興路2號1樓,05-7003967,ok,24hr,
吳鳳建國門市,嘉義縣民雄鄉建國路2段163之40號(學生宿舍),05-3101572,ok,24hr,
嘉義興達店,嘉義市西區興達路318號,05-2319795,ok,24hr,
嘉義世賢店,嘉義市西區世賢路四段187號,05-2858840,ok,24hr,
嘉義光路店,嘉義市西區民生南路528號1樓,05-2843075,ok,24hr,
嘉大蘭潭門市,嘉義市東區鹿寮里學府路300號(嘉義大學蘭潭校區活動中心),05-3101609,ok,24hr,
嘉義憶富店,嘉義市西區民權路396號,05-2229931,ok,24hr,
嘉義上新店,嘉義市西區上海路322號,05-2840713,ok,24hr,
嘉義北興店,嘉義市西區博愛路二段2號,05-2910576,ok,24hr,
嘉義國楊店,嘉義市西區垂楊路434號,05-2165585,ok,24hr,
嘉義興雅店,嘉義市西區興雅路72號,05-2910040,ok,24hr,
嘉義湖瑞店,嘉義市西區民生南路589號,05-2841584,ok,24hr,
嘉義向榮店,嘉義市西區國華街519號1樓,05-2319535,ok,24hr,
大林民權店,嘉義縣大林鎮民權路33號,05-3103609,ok,24hr,
嘉義德慶店,嘉義市西區中興路319之3號1樓,05-2319477,ok,24hr,
嘉大學苑門市,嘉義市東區鹿寮里學府路300號(嘉義大學蘭潭校區學苑宿舍),05-3101610,ok,24hr,
嘉義南華店,嘉義縣大林鎮上林里頂員林8-11號,05-3103508,ok,24hr,
嘉大民雄門市,嘉義縣民雄鄉文隆村85號(嘉義大學民雄校區),05-3101617,ok,24hr,
嘉義玉山店,嘉義市西區世賢路二段468號,05-2842603,ok,24hr,
嘉義北園店,嘉義市西區北社尾路31號,05-2382806,ok,24hr,
嘉義自強店,嘉義市西區自強街86號,05-2863047,ok,24hr,
嘉義南京店,嘉義市西區車店里南京路423.427號,05-2838475,ok,24hr,
嘉義稻江門市,嘉義縣朴子市學府路二段51號,05-3101613,ok,24hr,
嘉義億高店,嘉義市西區仁愛路181號,05-2855850,ok,24hr,
吳鳳科大門市,嘉義縣民雄鄉建國路二段117號1樓(花明樓),05-3103578,ok,24hr,
台南空軍門市,台南市南區大同路二段1000號1樓,06-6026358,ok,24hr,
台南真理門市,台南市麻豆區北勢寮70-11號1樓,06-6020176,ok,24hr,
台南家齊門市,台南市中西區健康路一段342號1樓,06-6025060,ok,24hr,
奇美六廠門市,台南市新市區紫棟路21號1樓,06-6025933,ok,24hr,
奇美三廠門市,台南市新市區環西路二段2號1樓,06-6025912,ok,24hr,
台南大內門市,台南市大內區石湖里新厝子45號1樓,06-6020277,ok,24hr,
歸仁媽廟店,台南市歸仁區和順路一段1號1樓,06-6025005,ok,24hr,
台南開元店,台南市北區開元路485巷37號、39號1樓,06-6027487,ok,24hr,
台南官田店,台南市官田區南部里南部32號1樓,06-6020210,ok,24hr,
奇美模組廠門市,台南市善化區南科八路12號B1,06-6025608,ok,24hr,
奇力光電門市,台南市新市區堤塘港路3號4樓,06-6020209,ok,24hr,
鼓山青泉店,高雄市鼓山區鼓山三路13-1/13-2號1樓,07-9631311,ok,24hr,
高雄崇德店,高雄市左營區崇德路117號1樓,07-9631462,ok,24hr,
高雄覺民店,高雄市三民區覺民路510號1樓+B1樓,07-9635253,ok,24hr,
大寮中庄店,高雄市大寮區八德路197、199號1樓,07-9635109,ok,24hr,
前鎮新衙店,高雄市前鎮區新衙路284之1號,07-9630736,ok,24hr,
橋頭仕隆店,高雄市橋頭區仕隆路161號1+2樓,07-9631849,ok,24hr,
大寮仁德店,高雄市大寮區仁德路118號1樓,07-9637190,ok,24hr,
鳳山瑞隆店,高雄市鳳山區瑞隆東路176號,07-9631747,ok,24hr,
鳳山仁愛店,高雄市鳳山區仁愛路1號,07-9630346,ok,24hr,
高雄五福店,高雄市苓雅區五福三路145號,07-9631048,ok,24hr,
大社新金龍店,高雄市大社區金龍路35號1樓,07-9635869,ok,24hr,
高雄大昌店,高雄市三民區大昌一路188號,07-9631255,ok,24hr,
高雄廣西店,高雄市前鎮區廣西路55號1樓,07-9631047,ok,24hr,
旗山北站店,高雄市旗山區延平一路195號,07-9631840,ok,24hr,
高雄大學店,高雄市楠梓區大學南路309號1樓,07-9631049,ok,24hr,
高雄輔英店,高雄市大寮區進學路103號1樓,07-9631549,ok,24hr,
高雄莊敬店,高雄市三民區莊敬路146號,07-9631046,ok,24hr,
鳳山新城店,高雄市鳳山區四維街140號1樓,07-9631645,ok,24hr,
高雄美山店,高雄市鳥松區美山路99號,07-9631543,ok,24hr,
高雄飛機店,高雄市小港區飛機路523號1樓,07-9631148,ok,24hr,
楠梓楠陽店,高雄市楠梓區楠陽路140號,07-9631420,ok,24hr,
鳳山勝利店,高雄市鳳山區博愛路67號,07-9631640,ok,24hr,
林園仁愛店,高雄市林園區仁愛路131號、133號1樓,07-9631742,ok,24hr,
鼓山高新店,高雄市鼓山區鼓山二路43號,07-9630543,ok,24hr,
高雄大順店,高雄市三民區大順二路973/975號,07-9630809,ok,24hr,
空軍官校門市,高雄市岡山區介壽西路西首1號,07-9638339,ok,24hr,
鼓山華泰店,高雄市鼓山區華泰路156號1樓/B1,07-9630741,ok,24hr,
高雄澄清店,高雄市三民區澄清路449號1樓,07-9630388,ok,24hr,
高雄樹德店,高雄市三民區建興路120號,07-9630636,ok,24hr,
高雄重慶店,高雄市三民區九如二路368號１樓,07-9633171,ok,24hr,
鳳山南華店,高雄市鳳山區南華路222號,07-9631642,ok,24hr,
高雄武廟店,高雄市苓雅區武廟路90號1樓+2樓+B1,07-9631429,ok,24hr,
鼓山西藏店,高雄市鼓山區西藏街300號,07-9630548,ok,24hr,
高雄大同店,高雄市前金區大同一路202號1樓,07-9630549,ok,24hr,
台鐵楠梓門市,高雄市楠梓區建楠路229號1樓,07-9631542,ok,24hr,
大寮仁愛店,高雄市大寮區仁愛路20號,07-9631643,ok,24hr,
高雄重立店,高雄市左營區重立路158號1樓,07-9631253,ok,24hr,
高雄明誠店,高雄市三民區明誠一路108號+110號1樓,07-9631359,ok,24hr,
高雄漁港店,高雄市前鎮區漁港東二路85號1+2+B1樓,07-9631317,ok,24hr,
大寮陽明店,高雄市大寮區山頂里內厝路281號1樓,07-9631741,ok,24hr,
小港中鋼店,高雄市小港區大業北路146號1樓,07-9630292,ok,24hr,
鳳山瑞春店,高雄市鳳山區瑞春街46號1樓,07-9631848,ok,24hr,
高雄武昌店,高雄市苓雅區武昌路77.79號,07-9631315,ok,24hr,
高雄自由店,高雄市左營區自由三路517號1樓,07-9631252,ok,24hr,
高雄西子灣店,高雄市鼓山區哨船路41號,07-9631368,ok,24hr,
鳳山青年店,高雄市鳳山區青年路一段317號,07-9631749,ok,24hr,
高雄久昌店,高雄市楠梓區久昌街91/93號,07-9630848,ok,24hr,
高雄桂陽店,高雄市小港區桂陽路2號+地下室,07-9631408,ok,24hr,
高雄雄峰店,高雄市鼓山區雄峰路11號,07-9630541,ok,24hr,
高雄土庫店,高雄市楠梓區土庫一路175號1樓,07-9631251,ok,24hr,
高雄岡山店,高雄市岡山區柳橋東路5號1樓,07-9635653,ok,24hr,
大社翠屏店,高雄市大社區翠屏路84巷4號1樓,07-9630081,ok,24hr,
高雄四維店,高雄市苓雅區四維一路124號,07-9630849,ok,24hr,
鳳山長明店,高雄市鳳山區五甲一路116號1樓,07-9635789,ok,24hr,
高雄明華店,高雄市鼓山區裕誠路1584/1586/1588號,07-9630296,ok,24hr,
高雄建順店,高雄市三民區建德路51、53號1樓,07-9630997,ok,24hr,
高雄新文萊店,高雄市左營區文萊路284號1+2樓及286號1樓,07-9635080,ok,24hr,
高雄興中店,高雄市苓雅區民權一路51、51-1號1樓,07-9635203,ok,24hr,
高雄工專店,高雄市三民區建工路411號,07-9630542,ok,24hr,
屏東自由店,屏東縣屏東市自由路420-10號,08-8103807,ok,24hr,
屏東麟洛店,屏東縣麟洛鄉麟頂村民族路120號1+2樓,08-8103956,ok,24hr,
屏東民生店,屏東縣屏東市民生東路8-1號1樓,08-8103803,ok,24hr,
屏東民學店,屏東縣屏東市民學路122號,08-8103800,ok,24hr,
屏東建豐店,屏東縣屏東市建豐路206號,08-8103802,ok,24hr,
屏東建國店,屏東縣屏東市建國路155號1/2樓,08-8103801,ok,24hr,
屏東高鳳門市,屏東縣長治鄉復興村新興路38號,08-8103806,ok,24hr,
屏東華盛店,屏東縣屏東市華盛街3-1號1樓,08-8103805,ok,24hr,
屏東萬丹店,屏東縣萬丹鄉萬丹路三段2號1樓,08-8103808,ok,24hr,
五結國民店,宜蘭縣五結鄉國民路41巷1號1樓,03-9055359,ok,24hr,
宜蘭神農店,宜蘭縣宜蘭市神農路一段2號1樓,03-9055250,ok,24hr,
羅東公正店,宜蘭縣羅東鎮中正路209號1樓,03-9055185,ok,24hr,
宜蘭思源店,宜蘭縣宜蘭市女中路三段180號1樓,03-9055190,ok,24hr,
宜蘭金六結門市,宜蘭縣宜蘭市建軍路46號,03-9055355,ok,24hr,
頭城蘭陽門市,宜蘭縣頭城鎮復興路79號,03-9059737,ok,24hr,
宜蘭中山店,宜蘭縣宜蘭市中山路三段290號1樓,03-9055251,ok,24hr,
礁溪湯圍店,宜蘭縣礁溪鄉仁愛路52號1樓,03-9055230,ok,24hr,
北投店,台北市北投區立德路117號,02-28986150,costco,10:00 – 21:30,
內湖店,台北市內湖區舊宗路一段268號,02-8791-0110,costco,10:00 – 21:30,
新莊店,新北市新莊區建國一路138號,02-29089980,costco,10:00 – 21:30,
汐止店,新北市汐止區大同路一段158號,02-2690-7335,costco,10:00 – 21:30,
中和店,新北市中和區中山路二段347號,02-22425289,costco,10:00 – 21:30,
桃園店,桃園市蘆竹區南崁路一段369號,03-270-6888,costco,10:00 – 21:30,
中壢店,桃園市新屋區民族路六段455號,03-4909885,costco,10:00 – 21:30,
新竹店,新竹市東區慈雲路188號,03-5638000,costco,10:00 – 21:30,
台中店,台中市南屯區文心南三路289號,02-449-9909,costco,10:00 – 21:30,
嘉義店,嘉義市東區忠孝路668號,05-2719088,costco,10:00 – 21:30,
台南店,台南市北區和緯路四段8號,06-3586788,costco,10:00 – 21:30,
高雄大順店,高雄市鼓山區大順一路111號,07-5508777,costco,10:00 – 21:30,
高雄店,高雄市前鎮區中華五路656號,07-3380006,costco,10:00 – 21:30,
基隆西定,(20349)基隆市中山區西定路230號,(02)24233772,alllink,7:30 - 22:30,
基隆東光,(20145)基隆市信義區東信路55巷17號,(02)24664711,alllink,7:30 - 22:30,
基隆復興,(20348)基隆市中山區復興路151號,(02)24376268,alllink,8:00 - 23:00,
七堵,(20644)基隆市七堵區南興路106號,(02)24552098,alllink,7:30 - 22:30,
基隆信義,(20148)基隆市信義區義六路５號,(02)24278376,alllink,8:00 - 23:00,
基隆光華,(20044)基隆市仁愛區成功一路133巷1號,(02)24338842,alllink,7:30 - 22:30,
大武崙,(20445)基隆市安樂區基金一路135巷21弄2號之1,(02)24300481,alllink,7:30 - 22:30,
基隆百福,(20649)基隆市七堵區百六街116號,(02)24511182,alllink,8:00 - 23:00,
基隆東明,基隆市信義區東明路177號,(02)24666912,alllink,8:00 - 23:00,
基隆仁三,基隆市仁愛區仁三路11號,(02)24293289,alllink,8:00 - 23:00,
基隆精一,(20044)基隆市仁愛區精一路15號1樓,(02)24282316,alllink,8:00 - 23:00,
暖暖,(20544)基隆市暖暖區暖暖街246巷166號,(02)24590126,alllink,8:00 - 23:00,
基隆義二,(20241)基隆市中正區信四路11號,(02)24283206,alllink,8:00 - 23:00,
武隆,(20446)基隆市安樂區武隆街65號,(02)24336495,alllink,8:00 - 23:00,
基隆中正,(20248)基隆市中正區中正路389號,(02)24631061,alllink,8:00 - 23:00,
基隆源遠,(20543)基隆市暖暖區源遠路341-1號B1,(02)24570588,alllink,8:00 - 23:00,
基隆新豐,(20251)基隆市中正區新豐街262號,(02)24690198,alllink,,
信義六合,(11046)台北市信義區松仁路240巷19號,(02)27201907,alllink,7:30 - 22:30,
中正南昌,(10074)台北市中正區南昌路１段51巷1號,(02)23931505,alllink,8:00 - 23:00,
士林士東,台北市士林區士東路23號,(02)28711360,alllink,8:00 - 23:00,
中山朱崙,台北市中山區龍江路15號,(02)27210291,alllink,7:30 - 22:30,
內湖星雲,台北市內湖區星雲街163號,(02)27920119,alllink,8:00 - 23:00,
松花,台北市中山區合江街137號,(02)25151077,alllink,8:00 - 23:00,
南京,台北市中山區吉林路26巷34號,(02)25814121,alllink,7:30 - 22:30,
順興,(11661)台北市文山區興隆路４段143號,(02)29370515,alllink,8:00 - 23:00,
北市延平,(11173)台北市士林區延平北路５段238號,(02)28164306,alllink,7:30 - 22:30,
士林天母,(11156)台北市士林區中山北路７段81巷7號,(02)28711915,alllink,7:30 - 22:30,
士林大南,(11161)台北市士林區大南路315號,(02)28802763,alllink,8:00 - 23:00,
北市和平,(10643)台北市大安區和平東路１段63號,(02)23965361,alllink,8:00 - 23:00,
文山萬年,(11676)台北市文山區羅斯福路５段170巷41號,(02)29333205,alllink,8:00 - 23:00,
內湖文湖,(11446)台北市內湖區內湖路１段49號,(02)26590006,alllink,7:30 - 22:30,
北市建國,(10659)台北市大安區建國南路２段123巷16號,(02)27849591,alllink,7:30 - 22:30,
萬華雙園,台北市萬華區興寧街2號,(02)23021066,alllink,8:00 - 23:00,
松山松興,(11070)台北市信義區松隆路36號,(02)27638669,alllink,7:30 - 22:30,
南港凌雲,(11581)台北市南港區研究院路３段68巷9號,(02)27882864,alllink,8:00 - 23:00,
文山永建,(11645)台北市文山區木柵路１段177號,(02)22368375,alllink,8:00 - 23:00,
大安延吉,(10696)台北市大安區市民大道４段190號,(02)27725870,alllink,7:30 - 22:30,
文山忠順,(11661)台北市文山區忠順街２段22號,(02)22341532,alllink,8:00 - 23:00,
士林華榮,台北市士林區華聲街17號,(02)28323442,alllink,8:00 - 23:00,
德安,(11459)台北市內湖區成功路４段30巷28弄2號,(02)27948505,alllink,7:30 - 22:30,
內湖,(11448)台北市內湖區港墘路１２７巷１０號,(02)27996619,alllink,8:00 - 23:00,
中華,(10882)台北市萬華區中華路２段666號之12,(02)23049528,alllink,8:00 - 23:00,
和德,(10864)台北市萬華區西園路２段215號,(02)23016978,alllink,8:00 - 23:00,
關渡,(11257)台北市北投區中央北路４段532號,(02)28982362,alllink,8:00 - 23:00,
唭哩岸,(11265)台北市北投區東華街２段180號,(02)28261176,alllink,8:00 - 23:00,
大安,(10667)台北市大安區復興南路２段237號,(02)27553018,alllink,8:00 - 23:00,
西門町,(10845)台北市萬華區長沙街２段110號,(02)23708218,alllink,8:00 - 23:00,
台北東門,(10641)台北市大安區金山南路２段12號,(02)23958765,alllink,7:30 - 22:30,
圓環,台北市大同區南京西路165號,(02)25582526,alllink,8:00 - 23:00,
瑞安,(10659)台北市大安區建國南路２段151巷16號,(02)27087473,alllink,7:30 - 22:30,
北投,(11268)台北市北投區北投路２段11號,(02)28948533,alllink,8:00 - 23:00,
中崙,(10562)台北市松山區八德路３段106巷1號,(02)25790236,alllink,7:30 - 22:30,
鵬程,台北市松山區健康路399號,(02)27621233,alllink,7:30 - 22:30,
東湖,(11487)台北市內湖區東湖路118號,(02)26308318,alllink,8:00 - 23:00,
龍山,台北市萬華區廣州街263號,(02)23367191,alllink,8:00 - 23:00,
東湖二,(11483)台北市內湖區民權東路６段２９６巷２６號,(02)26327576,alllink,8:00 - 23:00,
興隆二,(11690)台北市文山區興隆路２段220巷31弄11號,(02)29302071,alllink,8:00 - 23:00,
社子,台北市士林區社正路59號,(02)28110786,alllink,8:00 - 23:00,
信義林口,(11081)台北市信義區林口街176號,(02)27267216,alllink,8:00 - 23:00,
敦南,(10688)台北市大安區忠孝東路４段126號B1,(02)87720102,alllink,8:00 - 23:00,
中山興安,(10481)台北市中山區興安街55號,(02)25000562,alllink,8:00 - 23:00,
民生社區,(10574)台北市松山區民生東路４段133號,(02)27139682,alllink,7:30 - 22:30,
中山雙連,(10449)台北市中山區錦西街8號,(02)25117062,alllink,7:30 - 22:30,
文山木柵,(11648)台北市文山區木柵路３段41號,(02)29361296,alllink,7:30 - 22:30,
吉林,台北市中山區吉林路213號,(02)25621333,alllink,7:30 - 22:30,
興隆,台北市文山區興隆路一段53號地下室,(02)89311551,alllink,7:30 - 22:30,
木新,台北市文山區恆光街37號,(02)22348532,alllink,8:00 - 23:00,
華山,(10050)台北市中正區忠孝東路１段86號,(02)23213695,alllink,8:00 - 23:00,
南港中坡,台北市南港區中坡南路7號,(02)26517901,alllink,7:30 - 22:30,
內湖金龍,台北市內湖區金龍路215號,(02)27965192,alllink,8:00 - 23:00,
台北西藏,(10879)台北市萬華區西藏路125巷9號,(02)23078262,alllink,8:00 - 23:00,
大直北安,(10462)台北市中山區北安路588巷8號,(02)85096500,alllink,8:00 - 23:00,
民生西店,(10345)台北市大同區民生西路280號1樓,(02)25550771,alllink,8:00 - 23:00,
萬華民和,(10863)台北市萬華區民和街103號,(02)23077172,alllink,7:30 - 22:30,
大同大龍,(10366)台北市大同區大龍街153號,(02)25862915,alllink,8:00 - 23:00,
復興崗,(11258)台北市北投區中央北路２段181號,(02)28959768,alllink,7:30 - 22:30,
內湖民權,(11465)台北市內湖區民權東路６段90巷18號1樓,(02)27916706,alllink,7:30 - 22:30,
民族西,(10374)台北市大同區民族西路235號,(02)25853572,alllink,8:00 - 23:00,
北市興安二,(10596)台北市松山區民生東路３段130巷9號,(02)27172031,alllink,8:00 - 23:00,
松山新東,(10589)台北市松山區民生東路５段223-1號1樓,(02)27637318,alllink,7:30 - 22:30,
中正欣榮,(10092)台北市中正區寧波東街18號1樓、20號B1,(02)23218060,alllink,8:00 - 23:00,
信義嘉興,(11052)台北市信義區基隆路２段22號B1,(02)27221523,alllink,7:30 - 22:30,
大安永康,(10651)台北市大安區永康街7巷6號1樓、B1,(02)23219717,alllink,8:00 - 23:00,
士林忠誠,(11148)台北市士林區忠誠路１段177.179號1樓,(02)28382012,alllink,8:00 - 23:00,
大安芳和,(10675)台北市大安區樂業街87號1樓、B1,(02)23770832,alllink,7:30 - 22:30,
北投中和,(11252)台北市北投區中和街49號1樓、B1,(02)28918155,alllink,7:30 - 22:30,
萬華萬大,(10869)台北市萬華區萬大路406號1樓、B1,(02)23032790,alllink,8:00 - 23:00,
內湖成功,(11456)台北市內湖區大湖山莊街148號,(02)27930769,alllink,7:30 - 22:30,
中山林森,(10453)台北市中山區林森北路561號,(02)25973152,alllink,8:00 - 23:00,
大安安和,(10680)台北市大安區安和路２段74巷3號,(02)27079851,alllink,7:30 - 22:30,
北投明德,(11281)台北市北投區懷德街3-10號,(02)28200702,alllink,8:00 - 23:00,
文山景興,(11669)台北市文山區景興路191號B1,(02)29303549,alllink,8:00 - 23:00,
黎忠,(11057)台北市信義區和平東路３段391巷16號,(02)87326787,alllink,8:00 - 23:00,
黎元,(10668)台北市大安區辛亥路３段223號,(02)27326912,alllink,10:0 - 20:00,
北投致遠,(11271)台北市北投區致遠二路113巷13.15.15-1號,(02)28231170,alllink,7:30 - 22:30,
大直通北,(10462)台北市中山區通北街111號,(02)25323061,alllink,9:00 - 20:00,
文山保儀,(11650)台北市文山區保儀路12號,(02)22341796,alllink,7:30 - 22:30,
內湖康樂,(11480)台北市內湖區康樂街116號B1,(02)26312810,alllink,8:00 - 23:00,
大直實踐,(10464)台北市中山區北安路655號B1,(02)25323102,alllink,8:00 - 23:00,
松山吉祥,(10560)台北市松山區光復北路11巷99號B1,(02)27460037`,alllink,8:00 - 23:00,
南港中研,(11565)台北市南港區研究院路２段61巷1弄 9號,(02)27820312,alllink,8:00 - 22:30,
中正延平,(10065)台北市中正區延平南路189號,(02)23885895,alllink,8:00-23:00,
內湖明湖,(11483)台北市內湖區民權東路６段296巷113、115號B1,(02)26331082,alllink,8:00 - 23:01,
中山中安,(10446)台北市中山區中山北路２段59巷45號B1,(02)25223681,alllink,8:00 - 22:31,
松山八德,(10554)台北市松山區八德路３段225號,(02)25770195,alllink,8:00-23:01,
大安正聲,(10694)台北市大安區延吉街159-8號,(02)27512151,alllink,8:00-23:00,
西盛,新北市新莊區西盛街202號,(02)22010388,alllink,8:00 - 23:00,
五股,(24870)新北市五股區成泰路１段235號之13,(02)82953966,alllink,8:00 - 23:00,
汐止龍安,(22167)新北市汐止區龍安路28巷6號,(02)26494296,alllink,8:00 - 23:00,
板橋新埔,(22047)新北市板橋區光武街61號,(02)82536506,alllink,8:00 - 23:00,
鴻金寶,(24267)新北市新莊區民安路188巷5號之2,(02)22082396,alllink,8:00 - 23:00,
三重天台,(24142)新北市三重區重新路２段78號之21,(02)29739535,alllink,8:00 - 23:00,
汐止建成,(22174)新北市汐止區建成路58號,(02)26416373,alllink,8:00 - 23:00,
中和秀朗,(23581)新北市中和區秀朗路３段175巷2號,(02)29466606,alllink,7:30 - 22:30,
北縣金山,(20845)新北市金山區中山路114號,(02)24989013,alllink,7:30 - 22:30,
板橋溪洲,(22071)新北市板橋區金門街295號B1,(02)26825192,alllink,8:00 - 23:00,
泰山福興,新北市泰山區福興二街37號,(02)85311248,alllink,8:00 - 23:00,
永和永安,(23448)新北市永和區中正路742號,(02)86602181,alllink,7:30 - 22:30,
新店三民,(23149)新北市新店區三民路42-1號,(02)29128002,alllink,7:30 - 22:30,
土城頂埔,(23679)新北市土城區中州路28巷30號2樓,(02)22688120,alllink,8:00 - 23:00,
新店安康,新北市新店區安康路二段133號,(02)22113205,alllink,8:00 - 23:00,
深坑平埔,新北市深坑區平埔街22巷8號,(02)26620822,alllink,8:00 - 23:00,
汐止樟樹,新北市汐止區樟樹一路8號地下1樓,(02)26417458,alllink,8:00 - 23:00,
汐止忠孝,新北市汐止區忠孝東路429號,(02)86476668,alllink,7:30 - 22:30,
永和,(23448)新北市永和區竹林路179巷4號地下室,(02)89263781,alllink,7:30 - 22:30,
三重,新北市三重區重安街70號光明市場2樓,(02)29769224,alllink,8:00 - 23:00,
新莊,(24248)新北市新莊區中和街１８８號地下室,(02)29931995,alllink,8:00 - 23:00,
中央,新北市新店區中央五街60號地下室,(02)22193716,alllink,8:00 - 23:00,
北新,新北市新店區北新路二段252號地下室,(02)29100370,alllink,8:00 - 23:00,
竹圍,新北市淡水區民族路31號地下室,(02)26242377,alllink,7:30 - 22:30,
蘆洲民族,新北市蘆洲區水湳街74號1樓,(02)82832182,alllink,8:00 - 23:00,
永樂,(24767)新北市蘆洲區永樂街38巷57弄2號,(02)82856732~3,alllink,8:00 - 23:00,
中平,新北市新莊區中平路82巷27號,(02)89929800,alllink,8:00 - 23:00,
三峽安溪,(23742)新北市三峽區中華路95號一樓,(02)26735246,alllink,8:00 - 23:00,
中安,(23576)新北市中和區中安街196號B1,(02)29250128,alllink,7:30 - 22:30,
大豐,新北市新店區民族路190號地下室,(02)86673217,alllink,8:00 - 23:00,
中港,新北市新莊區中華路二段1號地下1樓,(02)29927409,alllink,8:00 - 23:00,
江子翠,(22043)新北市板橋區雙十路２段209號B1,(02)82534058,alllink,8:00 - 23:00,
淡水,新北市淡水區博愛街51巷5號,(02)26266229,alllink,8:00 - 23:00,
大觀,(22072)新北市板橋區大觀路３段236號B1,(02)26756939,alllink,8:00 - 23:00,
文聖,(22044)新北市板橋區文聖街73號1+2樓,(02)82595352,alllink,8:00 - 23:00,
雨農,(22049)新北市板橋區雨農路27巷2號,(02)82510515,alllink,8:00 - 23:00,
泰山,新北市泰山區明志路三段87號,(02)29061835,alllink,8:00 - 23:00,
南華,(23563)新北市中和區南華路２７號Ｂ１,(02)22482639,alllink,8:00 - 23:00,
金城,(23643)新北市土城區金城路３段12號B1、B1-1，14號B1,(02)22665567,alllink,8:00 - 23:00,
土城裕民,(23663)新北市土城區裕民路116號B1,(02)22665123,alllink,8:00 - 23:00,
三重介壽,(24146)新北市三重區龍門路6-1號,(02)89832512,alllink,8:00 - 23:00,
三重中正,新北市三重區中正北路592號,(02)89827689,alllink,7:30 - 22:30,
新莊化成,新北市新莊區化成路71號,(02)22760765,alllink,8:00 - 23:00,
三重仁愛,新北市三重區仁愛街278號,(02)29800318,alllink,8:00 - 23:00,
瑞芳中正,新北市瑞芳區中正路81號,(02)24976356,alllink,8:00 - 23:00,
蘆洲長安,新北市蘆洲區長安街232號,(02)22828611,alllink,8:00 - 23:00,
板橋國光,新北市板橋區國光路57號地下1樓,(02)29688110,alllink,8:00 - 23:00,
中和,新北市中和區景新街516號地下2樓,(02)31518633,alllink,7:30 - 22:30,
淡水淡大,新北市淡水區大忠街89號,(02)26296697,alllink,8:00 - 23:00,
新莊復興,(24254)新北市新莊區復興路２段47號,(02)22797515,alllink,8:00 - 23:00,
蘆洲重陽,新北市蘆洲區重陽街46號1樓,(02)28486699,alllink,8:00 - 23:00,
三峽中華,(23742)新北市三峽區中華路3巷2號,(02)26735668,alllink,8:00 - 23:00,
公園,(24244)新北市新莊區公園路129號,(02)29926173,alllink,8:00 - 23:00,
中和民樂,新北市中和區民樂路3號,(02)22289128,alllink,8:00 - 23:00,
蘆洲九芎,(24750)新北市蘆洲區九芎街90巷6號,(02)82833529,alllink,8:00 - 23:00,
永和中正,(23454)新北市永和區中正路139號,(02)29493119,alllink,8:00 - 23:00,
板橋重慶,(22063)新北市板橋區重慶路66號B1,(02)29572986,alllink,8:00 - 23:00,
鶯歌建國,新北市鶯歌區建國路85號,(02)86778565,alllink,7:30 - 22:30,
新莊昌盛,新北市新莊區昌盛街105號1樓,(02)29906566,alllink,8:00 - 23:00,
板橋長江,(22047)新北市板橋區民生路３段323號B1之4、B1之5,(02)22554989,alllink,8:00 - 23:00,
樹林中山,(23844)新北市樹林區中山路１段29-1.31號,(02)86754228,alllink,8:00 - 23:00,
板橋國慶,(22062)新北市板橋區重慶路247號1樓,(02)29511291,alllink,8:00 - 23:00,
中和光華,(23558)新北市中和區光華街31巷2號1樓,(02)82455860,alllink,8:00 - 23:00,
蘆洲忠孝,新北市蘆洲區保和里15鄰忠孝路23號,(02)22825725,alllink,8:00 - 23:00,
新莊新泰,(24241)新北市新莊區新泰路85號地下樓,(02)22060281,alllink,8:00 - 23:00,
土城中央二,(23668)新北市土城區中央路２段191號B1-3樓,(02)22633082,alllink,8:00 - 23:00,
三重三和,(24149)新北市三重區三和路２段139號,(02)29706585,alllink,8:00 - 23:00,
新莊後港,新北市新莊區後港一路68號,(02)22015132,alllink,8:00 - 23:00,
新店建國,新北市新店區建國路210號,(02)29118025,alllink,8:00 - 23:00,
三重集美,(24144)新北市三重區集美街61號之1,(02)29720990,alllink,7:30 - 22:30,
板橋中正,(22054)新北市板橋區中正路1巷28號,(02)29652936,alllink,8:00 - 23:00,
汐止康寧,新北市汐止區康寧街430號,(02)26954980,alllink,7:30 - 22:30,
三重三和二,(24152)新北市三重區三和路４段103號之2,(02)22861386,alllink,8:00 - 23:00,
林口竹林,(24443)新北市林口區竹林路12號,(02)26010645,alllink,8:00 - 23:00,
泰山泰林,(24344)新北市泰山區泰林路２段200號,(02)22962350,alllink,8:00 - 23:00,
佳園,(23877)新北市樹林區佳園路１段41巷1號,(02)26800392,alllink,8:00 - 23:00,
泰山明志,(24343)新北市泰山區明志路１段21號,(02)22971361,alllink,8:00 - 23:00,
五股工商,(24856)新北市五股區工商路112號,(02)22916058,alllink,8:00 - 23:00,
樹林保安,(23841)新北市樹林區保安街１段183號,(02)26815957,alllink,8:00 - 23:00,
板橋中山,(22068)新北市板橋區中山路２段326號,(02)29500891,alllink,8:00 - 23:00,
中和中山,(23546)新北市中和區中山路３段35-2號,(02)82267105,alllink,8:00 - 23:00,
新莊民安,(24264)新北市新莊區民安西路309號,(02)22071109,alllink,8:00 - 23:00,
泰山文程,(24349)新北市泰山區文程路15號,(02)22960450,alllink,8:00 - 23:00,
永和福和,(23450)新北市永和區福和路353號,(02)29250662,alllink,7:30 - 22:30,
板橋江寧,(22046)新北市板橋區江寧路３段29號1樓,(02)22580369,alllink,8:00 - 23:00,
三峽光明,(23742)新北市三峽區光明路59.61.63號,(02)26717031,alllink,8:00 - 23:00,
蘆洲中原,(24762)新北市蘆洲區中原路6-10號1樓,(02)22816671,alllink,8:00 - 23:00,
新店北宜,(23152)新北市新店區北宜路２段82-7號1樓,(02)22170282,alllink,7:30 - 22:30,
淡水學府,(25145)新北市淡水區學府路126號B1,(02)26233522,alllink,8:00 - 23:00,
三重力行,(24162)新北市三重區力行路１段54號,(02)89820656,alllink,7:30 - 22:30,
中和景平,(23559)新北市中和區景平路541號B1、543號1樓、B1,(02)82451916,alllink,8:00 - 23:00,
土城廣明,(23655)新北市土城區廣明街63巷31號1樓,(02)89676071,alllink,8:00 - 23:00,
新莊建國,(24257)新北市新莊區建國一路53號,(02)29080371,alllink,8:00 - 23:00,
中和安平,(23572)新北市中和區安平路87、87-1、87-2號1樓、2樓,(02)29433084,alllink,8:00 - 23:00,
三峽學成,(23741)新北市三峽區學成路97.99號,(02)26719528,alllink,8:00 - 23:00,
永和永福,(23449)新北市永和區福和路67.69號,(02)29272068,alllink,7:30 - 22:30,
新店碧潭,(23147)新北市新店區北新路１段181.183號,(02)89111795,alllink,8:00 - 23:00,
板橋新生,(22052)新北市板橋區中正路330-1號1,(02)29689808,alllink,8:00 - 23:00,
永和竹林,(23441)新北市永和區竹林路73-1號,(02)89250736,alllink,7:30 - 22:30,
蘆洲中山,(24753)新北市蘆洲區中山一路228號,(02)22827916,alllink,8:00 - 23:00,
中和大勇,(23579)新北市中和區大勇街78號,(02)29495972,alllink,7:30 - 22:30,
汐止中興,(22158)新北市汐止區中興路168號B1,(02)26940572,alllink,7:30 - 22:30,
三重中正北,(24162)新北市三重區中正北路70號,(02)89810050,alllink,7:30 - 22:30,
三峽和平,(23741)新北市三峽區和平街65號B1,(02)26711046,alllink,8:00 - 23:00,
淡水中山,(25152)新北市淡水區中山北路２段102號,(02)26265116,alllink,8:00 - 23:00,
新莊龍安,(24257)新北市新莊區中正路893巷2之1號,(02)29018396,alllink,8:00 - 23:00,
土城海山,(23659)新北市土城區明德路２段60號,(02)22660158,alllink,8:00 - 23:00,
八里中庄,(24944)新北市八里區中山路１段109號,(02)86305189,alllink,8:00 - 23:00,
五股成泰,(24841)新北市五股區成泰路３段379、381、383、385號,(02)22910018,alllink,8:00 - 23:00,
三重永福,(24154)新北市三重區三和路４段380號B1,(02)22800225,alllink,8:00 - 23:00,
林口民有,(24461)新北市林口區民有街148號,(02)26081335,alllink,,
淡水新春,(25166)新北市淡水區新春街140號B1,(02)26200361,alllink,8:00-23:00,
中和福祥,(23556)新北市中和區福祥路72號,(02)22430586,alllink,8:00-23:00,
中壢環東,(32096)桃園縣中壢市環中東路２段746、750、750-1、750-2號,(03)4285469,alllink,8:00 - 23:00,
楊梅埔心,桃園縣楊梅市永美路369號,(03)4810668,alllink,8:00 - 23:00,
中美,桃園縣中壢市中美路二段77號,(03)4226777,alllink,8:00 - 23:00,
桃園大園,桃園縣大園鄉田心村新興路20號,(03)3850378,alllink,7:30 - 22:30,
平鎮南豐,(32459)桃園縣平鎮市南豐路53.55號,(03)4690356,alllink,8:00 - 23:00,
平鎮中豐,桃園縣平鎮市中豐路南勢二段326號,(03)4395082,alllink,7:30 - 22:30,
蘆竹大竹,(33862)桃園縣蘆竹鄉大新一街15號,(03)3133162,alllink,8:00 - 23:00,
龍潭,桃園縣龍潭鄉北龍路19號,(03)4798699,alllink,8:00 - 23:00,
桃園國際,桃園縣桃園市國際路二段117號,(03)3690722,alllink,7:30 - 22:30,
迴龍,桃園縣龜山鄉萬壽路一段161號地下1樓,(02)82000799,alllink,8:00 - 23:00,
新屋,桃園縣新屋鄉中山路409號,(03)4779998,alllink,7:30 - 22:30,
龜山,桃園縣龜山鄉新興村自強南路83號,(03)3595569,alllink,8:00 - 23:00,
中壢環中,桃園縣中壢市環中東路325號,(03)4550185,alllink,8:00 - 23:00,
內壢,桃園縣中壢市長春路119號,(03)4621717,alllink,8:00 - 23:00,
中壢中山,桃園縣中壢市中山路500號,(03)4946650,alllink,7:30 - 22:30,
大有,桃園縣桃園市大有路581號,(03)3176146,alllink,8:00 - 23:00,
桃企,(33075)桃園縣桃園市桃鶯路196號1樓,(03)3750606,alllink,8:00 - 23:00,
桃園三民,(33042)桃園縣桃園市三民路３段11巷1號,(03)3330592,alllink,8:00 - 23:00,
桃園莊敬,桃園縣桃園市莊敬路二段99號,(03)3010147,alllink,8:00 - 23:00,
龍潭中正,桃園縣龍潭鄉中正路311-3號,(03)4090073,alllink,8:00 - 23:00,
桃園復興,桃園縣桃園市復興路380號1樓,(03)3330558,alllink,8:00 - 23:00,
龍潭中興,桃園縣龍潭鄉中興路433號,(03)4995481,alllink,7:30 - 22:30,
大溪文化,(33555)桃園縣大溪鎮文化路67號1樓,(03)3873518,alllink,8:00 - 23:00,
平鎮和平,桃園縣平鎮市和平路185號,(03)4685097,alllink,7:30 - 22:30,
八德大湳,桃園縣八德市福國北街79號,(03)3710722,alllink,7:30 - 22:30,
大溪中正,桃園縣大溪鎮慈湖路66號,(03)3886038,alllink,8:00 - 23:00,
桃園中山,桃園縣桃園市中山東路32-10號,(03)3331239,alllink,8:00 - 23:00,
中壢中原,桃園縣中壢市實踐路26號,(03)4368335,alllink,8:00 - 23:00,
國際二,(33072)桃園縣桃園市國際路１段1136號,(03)2207503,alllink,8:00 - 23:00,
八德介壽,(33447)桃園縣八德市介壽路２段1060號1樓,(03)3732348,alllink,7:30 - 22:30,
蘆竹忠孝,桃園縣蘆竹鄉忠孝西路50號,(03)2122818,alllink,8:00 - 23:00,
中壢元化,(32043)桃園縣中壢市元化路127號,(03)4220566,alllink,8:00 - 23:00,
南崁二,(33858)桃園縣蘆竹鄉南崁路152號,(03)2220572,alllink,8:00 - 23:00,
桃園慈文,桃園縣桃園市慈文路317號,(03)3562315,alllink,8:00 - 23:00,
中壢忠孝,桃園縣中壢市忠孝路152號,(03)4526156,alllink,8:00 - 23:00,
桃園大有二,(33052)桃園縣桃園市大有路466號,(03)3166792,alllink,8:00 - 23:00,
楊梅新農,(32641)桃園縣楊梅市新農街17號,(03)4750230,alllink,7:30 - 22:30,
龜山萬壽,(33342)桃園縣龜山鄉中和南路40.42號,(03)3200290,alllink,7:30 - 22:30,
桃園永安,(33059)桃園縣桃園市永安路355號,(03)3310781,alllink,8:00 - 23:00,
楊梅中山,(32665)桃園縣楊梅市中山北路１段260.262.264號,(03)4789889,alllink,8:00 - 23:00,
龜山文化,(33377)桃園縣龜山鄉復興二路3號,(03)3282656,alllink,8:00 - 23:00,
蘆竹吉林,(33850)桃園縣蘆竹鄉吉林路13號,(03)2220438,alllink,8:00 - 23:00,
桃園中正,(33047)桃園縣桃園市中正路498、500號1樓,(03)3365366,alllink,8:00 - 23:00,
觀音大觀,(32847)桃園縣觀音鄉大觀路２段151.153.155號,(03)4389007,alllink,7:30 - 22:30,
桃園建國,(33064)桃園縣桃園市三民路３段518號,(03)3641086,alllink,7:30 - 22:30,
大溪僑愛,(33543)桃園縣大溪鎮介壽路108號,(03)3070012,alllink,8:00 - 23:00,
蘆竹上興,(33862)桃園縣蘆竹鄉大竹路367.369號,(03)3133902,alllink,8:00 - 23:00,
中壢中北,(32087)桃園縣中壢市中北路2段55號,(03)4670112,alllink,7:30 - 22:30,
中壢福州,(32059)桃園縣中壢市福州一街126號,(03)4510208,alllink,8:00 - 23:00,
龜山中興,(33343)桃園縣龜山鄉新樂街36號,(03)3292591,alllink,7:30 - 22:30,
大園菓林,(33746)桃園縣大園鄉菓林路69號,(03)3933270,alllink,7:30 - 22:30,
大溪員林,(33561)桃園縣大溪鎮員林路１段5號1-3樓,(03)3070290,alllink,7:30 - 22:30,
新竹,(30049)新竹市北區西大路578號,(03)5280191,alllink,8:00 - 23:00,
新竹民生,(30043)新竹市東區民生路226號,(03)5457752,alllink,8:00 - 23:00,
新竹中正,(30048)新竹市北區中正路411號1樓,(03)5437670,alllink,8:00 - 23:00,
新竹南大,(30063)新竹市東區南大路421號,(03)5626377,alllink,8:00 - 23:00,
新竹食品,(30062)新竹市東區食品路125號,(03)5710075,alllink,8:00 - 23:00,
新竹金山,(30080)新竹市東區金山七街20號1-3樓,(03)5630020,alllink,8:00 - 23:00,
新竹忠孝,(30069)新竹市東區忠孝路74號,(03)5725514,alllink,8:00 - 23:00,
新竹林森,(30042)新竹市東區林森路231號,(03)5280106,alllink,8:00-23:00,
竹北勝利,新竹縣竹北市勝利六街36號,(03)6589361,alllink,8:00 - 23:00,
新竹竹東,新竹縣竹東鎮仁愛路226號,(03)5940278,alllink,7:30 - 22:30,
竹北,新竹縣竹北市民權街40巷2號,(03)5511123,alllink,8:00 - 23:00,
竹北中正西,(30284)新竹縣竹北市中正西路49號,(03)6562123,alllink,8:00 - 23:00,
新豐,新竹縣新豐鄉學府路131號,(03)5575434,alllink,7:30 - 22:30,
湖口二,新竹縣湖口鄉民權街61號,(03)5997434,alllink,7:30 - 22:30,
湖口文化,新竹縣湖口鄉鳳凰村15鄰文化路68號,(03)5972969,alllink,7:30 - 22:30,
竹北中正東,(30241)新竹縣竹北市中正東路136號,(03)5511366,alllink,8:00 - 23:00,
湖口中正,(30342)新竹縣湖口鄉中正路１段192號,(03)5990082,alllink,7:30 - 22:30,
新埔中正,(30595)新竹縣新埔鎮中正路137、139號,(03)5889631,alllink,7:30 - 22:30,
竹東北興,(31042)新竹縣竹東鎮北興路１段493、495號,(03)5104458,alllink,7:30 - 22:30,
竹南,苗栗縣竹南鎮大營路175-1號,(037)464790,alllink,7:30 - 22:30,
通霄,苗栗縣通霄鎮中正路20號,(037)754854,alllink,7:30 - 22:30,
苑裡,苗栗縣苑裡鎮世界路22號,(037)862427,alllink,7:30 - 22:30,
頭份,苗栗縣頭份鎮東興路43號,(037)691182,alllink,7:30 - 22:30,
苗栗後龍,苗栗縣後龍鎮成功路180號,(037)729198,alllink,7:30 - 22:30,
苗栗,苗栗縣苗栗市中正路649號,(037)355103,alllink,7:30 - 22:30,
公館,苗栗縣公館鄉大同路201號,(037)239013,alllink,7:30 - 22:30,
苗栗縣府,苗栗縣苗栗市縣府路123號,(037)352366,alllink,7:30 - 22:30,
苗栗卓蘭,苗栗縣卓蘭鎮民族路53號,(04)25899886,alllink,7:30 - 22:30,
頭份信東,(35149)苗栗縣頭份鎮信東路151號,(037)671776,alllink,7:30 - 22:30,
苗栗中華,(36045)苗栗縣苗栗市中華路132號,(037)276728,alllink,7:30 - 22:30,
竹南中正,(35047)苗栗縣竹南鎮中正路96-1號,(03)7466030,alllink,7:30 - 22:30,
苑裡中山,(35841)苗栗縣苑裡鎮中山路320號,(037)860250,alllink,7:30 - 22:30,
三義,(36742)苗栗縣三義鄉廣盛村廣盛39-1號,(037)877399,alllink,7:30 - 22:30,
竹南光復,(35041)苗栗縣竹南鎮光復路193巷48號,(03)7550852,alllink,,
台中崇德,台中市北區崇德路一段230號,(04)22300365,alllink,8:00 - 23:00,
台中復興,台中市南區復興路二段160號,(04)22612116,alllink,8:00 - 23:00,
台中黎明,台中市南屯區黎明路一段1040號,(04)23813031,alllink,8:00 - 23:00,
台中精誠二,(40878)台中市南屯區五權西路２段223號,(04)24720216,alllink,8:00 - 23:00,
台中東山,台中市北屯區東山路一段173之1號,(04)24375028,alllink,8:00 - 23:00,
台中陜西,(40464)台中市北區陜西路66號,(04)22980326,alllink,8:00 - 23:00,
台中東興,台中市南屯區東興路二段236號,(04)24752129,alllink,8:00 - 23:00,
五權,(40443)台中市北區五權路１７６號中央市場內,(04)22023660,alllink,8:00 - 23:00,
軍功,(40643)台中市北屯區軍功路２段39號,(04)24368748,alllink,8:00 - 23:00,
大墩,(40758)台中市西屯區大墩路1168號,(04)23275976,alllink,8:00 - 23:00,
天津,台中市北區天津路二段171號,(04)22982334,alllink,8:00 - 23:00,
精誠,台中市西區精誠路294號1樓,(04)23282660,alllink,8:00 - 23:00,
中工,台中市西屯區中工二路2號,(04)23504708,alllink,8:00 - 23:00,
五權二,台中市北區大雅路19號1樓,(04)22082870,alllink,8:00 - 23:00,
松竹,台中市北屯區松竹路二段178巷51號,(04)22425357,alllink,8:00 - 23:00,
大連,台中市北屯區大連路二段12號,(04)22493677,alllink,8:00 - 23:00,
忠明,台中市西區忠明南路445號,(04)23756219,alllink,8:00 - 23:00,
北屯,台中市北屯區北屯路289之10號,(04)22312080,alllink,8:00 - 23:00,
南屯,台中市南屯區永春東路1043號,(04)23800222,alllink,8:00 - 23:00,
大智,台中市東區大智路350巷2號1樓,(04)22802267,alllink,8:00 - 23:00,
文心,台中市西屯區重慶路136號,(04)23151050,alllink,8:00 - 23:00,
十甲,台中市東區十甲路452號,(04)22153229,alllink,8:00 - 23:00,
台中文華,(40753)台中市西屯區河南路１段125號,(04)23165317,alllink,8:00 - 23:00,
台中中科,台中市西屯區福科路600號,(04)24620379,alllink,8:00 - 23:00,
旅順,台中市北屯區旅順路二段78號1樓,(04)22410470,alllink,8:00 - 23:00,
中清,(40678)台中市北屯區后庄路３５巷１號,(04)24261698,alllink,8:00 - 23:00,
逢甲,台中市西屯區黎明路三段246號,(04)27084655,alllink,8:00 - 23:00,
台中外埔,台中市外埔區六分路297號1樓,(04)26838355,alllink,7:00 - 22:00,
頭家,台中市潭子區中山路一段225巷6號,(04)25312709,alllink,8:00 - 23:00,
神岡二,台中市神岡區民族路36巷1號,(04)25620416,alllink,7:30 - 22:30,
太平宜昌,台中市太平區宜昌路568號1樓,(04)22787351,alllink,8:00 - 23:00,
豐原大社,台中市豐原區三角路35號,(04)25280230,alllink,7:30 - 22:30,
太平,台中市太平區樹德路117號,(04)23952770,alllink,8:00 - 23:00,
東勢東蘭,(42341)台中市東勢區東蘭路５４之２號,(04)25877537,alllink,7:30 - 22:30,
后里,台中市后里區后里村甲后路587號,(04)25583498,alllink,7:30 - 22:30,
國光,台中市大里區國光路二段70號,(04)24830340,alllink,8:00 - 23:00,
大里,台中市大里區東榮路八號,(04)24839901,alllink,8:00 - 23:00,
向陽,台中市豐原區向陽路230號,(04)25243672,alllink,8:00 - 23:00,
霧峰,(41343)台中市霧峰區民生路７５號,(04)23312832,alllink,7:30 - 22:30,
大肚,台中市大肚區沙田路二段592號,(04)26990351,alllink,7:00 - 22:00,
北豐原,台中市豐原區大順街133號,(04)25131652,alllink,8:00 - 23:00,
神岡,台中市神岡區中山路832號,(04)25618046,alllink,7:30 - 22:30,
潭子,台中市潭子區勝利路348號,(04)25336535,alllink,8:00 - 23:00,
大雅學府,(42856)台中市大雅區學府路109之11號,(04)25654966,alllink,8:00 - 23:00,
塗城,台中市大里區成功路538號,(04)24968218,alllink,8:00 - 23:00,
田心,台中市豐原區田心路二段182號,(04)25244638,alllink,8:00 - 23:00,
中興,台中市清水區中興街57號,(04)26222558,alllink,7:00 - 22:00,
大甲,台中市大甲區復興路59號,(04)26880775,alllink,7:00 - 22:00,
遊園,台中市大肚區遊園路二段216號,(04)26916097,alllink,8:00 - 23:00,
東平,台中市太平區東平路499號,(04)22772726,alllink,8:00 - 23:00,
烏日,(41441)台中市烏日區中山路２段１０８號,(04)23366467,alllink,7:30 - 22:30,
潭陽,(42751)台中市潭子區潭子街１段31巷64號,(04)25380588,alllink,8:00 - 23:00,
雅環,台中市大雅區雅環路二段87號,(04)25685868,alllink,8:00 - 23:00,
沙鹿二,台中市沙鹿區中山路434號,(04)26620334,alllink,8:00 - 23:00,
后里文明,台中市后里區文明路105號,(04)25567290,alllink,7:30 - 22:30,
大里永隆,(41257)台中市大里區東榮路666號,(04)24180262,alllink,8:00 - 23:00,
台中忠義,台中市西屯區忠義街80號,(04)23150772,alllink,8:00 - 23:00,
豐原三豐,台中市神岡區五權路1號,(04)25150760,alllink,8:00 - 23:00,
沙鹿北勢,(43342)台中市沙鹿區北勢東路516號,(04)26315396,alllink,8:00 - 23:00,
塗城金德,(41275)台中市大里區金德街16號,(04)24920182,alllink,8:00 - 23:00,
台中永興,(40454)台中市北區永興街242號,(04)22360335,alllink,8:00 - 23:00,
台中健康,(40253)台中市南區美村南路72號,(04)22655120,alllink,8:00 - 23:00,
梧棲,(43548)台中市梧棲區自強二街86巷2號,(04)26300170,alllink,7:00 - 22:00,
台中學府,(40252)台中市南區復興路３段126號,(04)22201622,alllink,8:00 - 23:00,
烏日長春,(41448)台中市烏日區長春街429號,(04)23380110,alllink,7:30 - 22:30,
台中樂群,(40346)台中市西區南屯路１段41號,(04)23719433,alllink,8:00 - 23:00,
沙鹿鎮南,(43351)台中市沙鹿區鎮南路２段624號,(04)26651202,alllink,8:00 - 23:00,
大甲光明,(43746)台中市大甲區光明路12號,(04)26805063,alllink,7:00 - 22:00,
大雅民生,(42871)台中市大雅區民生路４段72號,(04)25662223,alllink,8:00 - 23:00,
東勢豐勢,(42354)台中市東勢區豐勢路115號,(04)25880135,alllink,7:30 - 22:30,
台中民權,(40341)台中市西區民權路217巷1、3號,(04)23012165,alllink,8:00 - 23:00,
台中向上,(40358)台中市西區美村路１段298.300.302號,(04)23010568,alllink,8:00 - 23:00,
台中南門,(40250)台中市南區台中路520號,(04)22850251,alllink,8:00 - 23:00,
豐原成功,(42053)台中市豐原區成功路198號,(04)25272150,alllink,8:00 - 23:00,
龍井中央,(43447)台中市龍井區中央路３段46號,(04)26380176,alllink,7:00 - 22:00,
新社,(42641)台中市新社區中和街５段13號,(04)25822900,alllink,7:30 - 22:30,
太平勤益,(41151)台中市太平區中山路１段336號,(04)23910679,alllink,8:00 - 23:00,
台中學士,(40454)台中市北區學士路261號,(04)22050031,alllink,8:00 - 23:00,
台中大進,(40861)台中市南屯區大進街490號1樓,(04)23202112,alllink,8:00 - 23:00,
豐原豐東,(42048)台中市豐原區豐東路171號,(04)25290593,alllink,8:00 - 23:00,
潭子興華,(42757)台中市潭子區興華一路300號,(04)25340918,alllink,8:00 - 23:00,
台中民權博館,(40461)台中市北區民權路466號,(04)22080581,alllink,8:00 - 23:00,
台中嶺東,(40858)台中市南屯區嶺東路690號,(04)23830350,alllink,8:00 - 23:00,
台中北屯二,(40654)台中市北屯區北屯路417號,(04)22470471,alllink,8:00 - 23:00,
大里仁化,(41282)台中市大里區仁化路500號,(04)24920360,alllink,8:00 - 23:00,
霧峰中正,(41344)台中市霧峰區中正路1119號,(04)23320106,alllink,7:30 - 22:30,
清水鰲峰,(43652)台中市清水區鰲新路5號,(04)26260112,alllink,8:00 - 23:00,
潭子豐興,(42743)台中市潭子區豐興路１段547-555號,(04)25368841,alllink,8:00 - 23:00,
大里立中,(41247)台中市大里區立中街27號,(04)22761518,alllink,8:00 - 23:00,
台中大忠,(40359)台中市西區精誠二十三街30號,(04)24710045,alllink,8:00 - 23:00,
太平車籠埔,(41148)台中市太平區光興路746號,(04)22700231,alllink,8:00 - 23:00,
梧棲文化,(43548)台中市梧棲區文化路２段85號,(04)26570095,alllink,8:00 - 23:00,
豐原忠孝,(42044)台中市豐原區忠孝街27號,(04)25281605,alllink,8:00 - 23:00,
太平中平,(41165)台中市太平區太平路321號,(04)22700046,alllink,8:00 - 23:00,
台中林森,(40345)台中市西區林森路89號,(04)23721671,alllink,8:00 - 23:00,
大肚榮華,(43252)台中市大肚區榮華街7號、9號,(04)26993546,alllink,8:00 - 23:00,
台中向上三厝,(40874)台中市南屯區向上路３段46、46-1號,(04)23830015,alllink,8:00 - 23:00,
台中樂業,(40153)台中市東區樂業路327號,(04)22132850,alllink,8:00-23:00,
龍井沙田,(43452)台中市龍井區沙田路５段382.386號,(04)26368209,alllink,7:00-22:00,
太平樹孝,(41168)台中市太平區樹孝路439號,(04)23931458,alllink,8:00-23:00,
彰安,彰化縣彰化市中正路二段828號1樓,(04)7517411,alllink,8:00 - 23:00,
長興,彰化縣彰化市光復路35號1樓,(04)7298796,alllink,8:00 - 23:00,
彰化自強南,彰化縣彰化市自強南路589號1樓,(04)7634986,alllink,8:00 - 23:00,
彰化延平,(50073)彰化縣彰化市延平路479號,(04)7121751,alllink,8:00 - 23:00,
新北斗,彰化縣北斗鎮復興路353號1樓,(04)8882124,alllink,7:30 - 22:30,
員林,彰化縣員林鎮三和里三民東街359號1樓,(04)8332099,alllink,7:30 - 22:30,
二林,彰化縣二林鎮南光里大成路342號1樓,(04)8960724,alllink,7:30 - 22:30,
田中,彰化縣田中鎮中正路305號1樓,(04)8756389,alllink,7:30 - 22:30,
溪湖,彰化縣溪湖鎮大發路56號1樓,(04)8856279,alllink,7:30 - 22:30,
新福,彰化縣田中鎮北路里新生街150巷2號1樓,(04)8745528,alllink,7:30 - 22:30,
靜修,彰化縣員林鎮南平一街66號1樓,(04)8381050,alllink,7:30 - 22:30,
鹿港,彰化縣鹿港鎮復興路210號1樓,(04)7789871,alllink,7:30 - 22:30,
育英,彰化縣員林鎮育英路600號1樓,(04)8369077,alllink,7:30 - 22:30,
永靖,彰化縣永靖鄉瑚璉村瑚璉路116號1樓,(04)8243546,alllink,7:30 - 22:30,
道周,彰化縣和美鎮山梨里平安路115號1樓,(04)7578138,alllink,7:30 - 22:30,
南昌,彰化縣員林鎮惠來里南昌路75號1樓,(04)8372500,alllink,7:30 - 22:30,
伸港,彰化縣伸港鄉新港路311號1樓,(047)996125,alllink,7:30 - 22:30,
溪湖二,彰化縣溪湖鎮平和街184號1樓,(04)8826130,alllink,7:30 - 22:30,
秀水,彰化縣秀水鄉彰水路一段22號1樓,(04)7685510,alllink,7:30 - 22:30,
竹塘,彰化縣竹塘鄉中興街57巷22號1樓,(04)8976601,alllink,7:30 - 22:30,
芬園,彰化縣芬園鄉芬草路二段252號,(049)2526667,alllink,7:30 - 22:30,
鹿東,彰化縣鹿港鎮中正路193號1樓,(04)7775266,alllink,8:00 - 23:00,
二林仁愛,(52662)彰化縣二林鎮仁愛路470號,(04)8950296,alllink,7:30 - 22:30,
和美愛民,彰化縣和美鎮仁化路150號1樓,(04)7552137,alllink,7:30 - 22:30,
彰化彰新,彰化縣彰化市彰新路一段72號1樓,(04)7366387,alllink,8:00 - 23:00,
鹿港彰頂,(50543)彰化縣鹿港鎮頂草路１段25號,(04)7710673,alllink,7:30 - 22:30,
彰化進德,(50081)彰化縣彰化市進德路49巷35號,(04)7275266,alllink,7:30 - 22:30,
二林斗苑,(52653)彰化縣二林鎮斗苑路４段396號,(04)8956659,alllink,7:30 - 22:30,
彰化溪州,(52442)彰化縣溪州鄉忠孝路5號,(04)8891691,alllink,7:30 - 22:30,
彰化福興,(50647)彰化縣福興鄉沿海路５段363號,(04)7780318,alllink,7:30 - 22:30,
彰化花壇,(50341)彰化縣花壇鄉花壇街320號,(04)7860019,alllink,7:30 - 22:30,
和美糖友,(50856)彰化縣和美鎮糖友一街46號,(04)7330001,alllink,7:30 - 22:30,
彰化彰鹿,(50083)彰化縣彰化市彰鹿路90號,(04)7613893,alllink,8:00 - 23:00,
彰化埔心,(51344)彰化縣埔心鄉員鹿路２段600號,(04)8295037,alllink,7:30 - 22:30,
彰化社頭,(51147)彰化縣社頭鄉民生路702號,(04)8732909,alllink,7:30 - 22:30,
北斗斗苑,(52146)彰化縣北斗鎮斗苑路１段366號,(04)8870151,alllink,7:30 - 22:30,
和美德美,(50851)彰化縣和美鎮德美路551號,(04)7562227,alllink,7:30 - 22:30,
花壇彰員,(50350)彰化縣花壇鄉彰員路３段105、109號,(04)7860609,alllink,7:30-22:30,
彰化大村,(51541)彰化縣大村鄉中正西路98、100號,(04)8533987,alllink,,
彰化員鹿,(50649)彰化縣福興鄉員鹿路２段88號,(04)7778035,alllink,7:30-22:30,
明賢,(54242)南投縣草屯鎮中山街57號,(049)2313422,alllink,8:00 - 23:00,
埔里,(54551)南投縣埔里鎮中山路３段376號,(049)2917624,alllink,7:30 - 22:30,
南投,南投縣南投市南陽路452號1樓,(049)2248375,alllink,7:30 - 22:30,
大明,南投縣竹山鎮竹圍里大禮路129號,(049)2633062,alllink,7:30 - 22:30,
南興,南投縣埔里鎮南興街249號,(049)2998508,alllink,7:30 - 22:30,
草屯,南投縣草屯鎮信義街368號,(049)2314191,alllink,7:30 - 22:30,
北門,南投縣埔里鎮自強路80號,(049)2421160,alllink,7:30 - 22:30,
虎山,南投縣草屯鎮虎山路500之1之4號,(049)2331920,alllink,8:00 - 23:00,
南投名間,南投縣名間鄉南雅村市場巷11之17號,(049)2736891,alllink,7:30 - 22:30,
竹山,南投縣竹山鎮竹山路136號,(049)2635201,alllink,7:30 - 22:30,
南投南陽,南投縣南投市文昌街19號,(049)2201328,alllink,7:30 - 22:30,
水里,南投縣水里鄉中山路一段271號,(049)2871571,alllink,7:30 - 22:30,
鹿谷,(55844)南投縣鹿谷鄉鹿彰路316號,(049)2750062,alllink,7:30 - 22:30,
埔里信義,(54541)南投縣埔里鎮信義路217號,(049)2420940,alllink,7:30 - 22:30,
埔里中正,(54544)南投縣埔里鎮中正路597號,(049)2990372,alllink,7:30 - 22:30,
草屯和興,(54241)南投縣草屯鎮和興街55號,(049)2320105,alllink,7:30 - 22:30,
南投學藝,(54046)南投縣南投市學藝路27號,(049)2350152,alllink,7:30 - 22:30,
斗六上海,雲林縣斗六市杭州街18號,(05)5378158,alllink,7:30 - 22:30,
雲林古坑,雲林縣古坑鄉中山路179號,(05)5820436,alllink,7:30 - 22:30,
雲林麥寮,雲林縣麥寮鄉中山路436號,(05)6930278,alllink,7:30 - 22:30,
斗六,雲林縣斗六市林頭里莊敬路43號,(05)5322594,alllink,7:30 - 22:30,
斗南,雲林縣斗南鎮中山路32巷6號,(05)5951419,alllink,7:30 - 22:30,
虎尾二,雲林縣虎尾鎮民生路39號,(05)6363098,alllink,7:30 - 22:30,
斗六圓環,(64045)雲林縣斗六市公正街11號,(05)5349218,alllink,7:30 - 22:30,
西螺中山,雲林縣西螺鎮中山路182號,(05)5862575,alllink,7:30 - 22:30,
北港民享,(65145)雲林縣北港鎮民享路9號,(05)7730031,alllink,7:30 - 22:30,
斗六民生,雲林縣斗六市南興街41號,(05)5371892,alllink,7:30 - 22:30,
虎尾,(63244)雲林縣虎尾鎮光復路503號之8,(05)6332513,alllink,7:30 - 22:30,
西螺,雲林縣西螺鎮光復西路117號,(05)5860703,alllink,7:30 - 22:30,
北港,雲林縣北港鎮華勝路171號,(05)7834540,alllink,7:30 - 22:30,
崙背中山,雲林縣崙背鄉中山路200號,(05)6969939,alllink,7:30 - 22:30,
雲林莿桐,(64741)雲林縣莿桐鄉西安路19-1號,(05)5845325,alllink,7:30 - 22:30,
雲林土庫,(63345)雲林縣土庫鎮建國路161號,(05)6620005,alllink,7:30 - 22:30,
斗六西平,(64049)雲林縣斗六市西平路248號,(05)5333028,alllink,7:30 - 22:30,
斗南長安,(63052)雲林縣斗南鎮長安路１段177號,(05)5975517,alllink,7:30 - 22:30,
虎尾林森,(63256)雲林縣虎尾鎮林森路２段434號,(05)6360916,alllink,7:30 - 22:30,
二崙民權,(64941)雲林縣二崙鄉民權路21號,(05)5989398,alllink,7:30 - 22:30,
雲林大埤,(63146)雲林縣大埤鄉中正路27號,(05)5917016,alllink,7:30 - 22:30,
斗六鎮南,(64072)雲林縣斗六市鎮南路246號,(05)5330746,alllink,7:30-22:30,
吳鳳,(60063)嘉義市東區吳鳳南路529號,(05)2272869,alllink,7:30 - 22:30,
嘉義興業,(60058)嘉義市西區興業西路325號,(05)2850056,alllink,8:00 - 23:00,
嘉義東門,(60048)嘉義市東區和平路134-13號,(05)2762093,alllink,8:00 - 23:00,
嘉義竹圍,(60085)嘉義市西區四維路368號,(05)2815889,alllink,7:00 - 22:00,
嘉義忠孝,(60080)嘉義市東區忠孝路436號,(05)2761070,alllink,7:30 - 22:30,
嘉義友愛,(60083)嘉義市西區友愛路402號,(05)2331566,alllink,7:30 - 22:30,
嘉義仁愛,(60045)嘉義市西區仁愛路335號1-2樓,(05)2280211,alllink,8:00 - 23:00,
嘉義大統,(60089)嘉義市西區大統路171號,(05)2831017,alllink,7:30 - 22:30,
嘉義軍輝,(60065)嘉義市東區軍輝路266號,(05)2391390,alllink,7:30 - 22:30,
嘉義民國,(60043)嘉義市東區民國路30號,(05)2761825,alllink,7:30 - 22:30,
嘉義南京,(60061)嘉義市西區南京路416號,(05)2361370,alllink,7:30 - 22:30,
嘉義大雅,(60076)嘉義市東區大雅路２段555號,(05)2766057,alllink,7:30 - 22:30,
嘉義興業二,(60057)嘉義市東區興業東路40號,(05)2256535,alllink,7:30-22:30,
嘉義民權,(60044)嘉義市東區民權路177號,(05)2761381,alllink,7:30-22:30,
嘉義榮昌,(60058)嘉義市西區興業西路526號,(05)2840286,alllink,8:00-23:00,
民雄頭橋,嘉義縣民雄鄉福樂村埤角139號,(05)2211583,alllink,7:30 - 22:30,
民雄,嘉義縣民雄鄉復興路226號,(05)2260789,alllink,7:30 - 22:30,
大同,嘉義縣朴子市大同路60號,(05)3792189,alllink,7:30 - 22:30,
新港,嘉義縣新港鄉中山路72巷2之1號,(05)3740900,alllink,7:30 - 22:30,
竹崎,嘉義縣竹崎鄉中華路106號,(05)2612028,alllink,7:30 - 22:30,
水上,嘉義縣水上鄉吳竹街135號,(05)2687735,alllink,7:30 - 22:30,
太保中興,(61251)嘉義縣太保市中興路１段609號,(05)2371123,alllink,7:30 - 22:30,
朴子文化,(61341)嘉義縣朴子市文化北路18號,(05)3661275,alllink,7:30 - 22:30,
大林忠孝,(62241)嘉義縣大林鎮忠孝路596號,(05)2659389,alllink,7:30 - 22:30,
嘉義布袋,(62547)嘉義縣布袋鎮太平東路455、457號,(05)3470611,alllink,7:30 - 22:30,
朴子,(61347)嘉義縣朴子市大同路291號,(05)3700345,alllink,7:30-22:30,
台南湖美,台南市北區和緯路五段30號,(06)2590500,alllink,8:00 - 23:00,
台南安中,(70943)台南市安南區安中路１段872號,(06)2563017,alllink,7:30 - 22:30,
台南,台南市北區忠義路三段11號2樓,(06)2203009,alllink,7:00 - 22:00,
後甲,台南市東區東安路20號,(06)2383270,alllink,7:30 - 22:30,
崇善,台南市東區崇善路666號,(06)3355809,alllink,7:30 - 22:30,
延平,台南市北區公園路798號1樓,(06)2832310,alllink,7:30 - 22:30,
安和,台南市安南區安和路四段557號1樓,(06)3550302,alllink,7:30 - 22:30,
裕農,台南市東區裕農路400號,(06)2361346,alllink,7:30 - 22:30,
金華,台南市南區金華路二段85號,(06)2910826,alllink,7:30 - 22:30,
台南和緯,台南市北區和緯路二段172號,(06)2810737,alllink,8:00 - 23:00,
台南自強,台南市東區中華東路二段237號1樓,(06)2699822,alllink,7:30 - 22:30,
台南西港,台南市西港區中山路352號1樓,(06)7961531,alllink,7:30 - 22:30,
永康大灣,台南市永康區崑山街1號,(06)2055428,alllink,7:30 - 22:30,
永康中山,(71075)台南市永康區中山南路63.65.67.69號,(06)3035210,alllink,8:00 - 23:00,
台南仁德,台南市仁德區民安路一段402號,(06)2498371,alllink,7:30 - 22:30,
永康永大,台南市永康區永大路三段35號,(06)2031075,alllink,7:30 - 22:30,
民治,台南市新營區民治路5之1號1樓,(06)6374487,alllink,7:30 - 22:30,
歸仁,台南市歸仁區復興路87號,(06)2391358,alllink,7:30 - 22:30,
白河,(73241)台南市白河區富民路142號,(06)6840717,alllink,7:30 - 22:30,
永康正強,(71071)台南市永康區正強街172號,(06)2030220,alllink,7:30 - 22:30,
麻豆,台南市麻豆區博愛路7號,(06)5722740,alllink,7:30 - 22:30,
學甲,台南市學甲區中山路56號,(06)7832399,alllink,7:30 - 22:30,
佳里,台南市佳里區建南街112號,(06)7223866,alllink,7:30 - 22:30,
台南鹽埕,台南市南區金華路一段365號,(06)2612801,alllink,7:30 - 22:30,
永康南工,台南市永康區中山南路282之5號,(06)3023827,alllink,7:30 - 22:30,
仁德中正,台南市仁德區中正路三段126號,(06)2496056,alllink,7:30 - 22:30,
新化,台南市新化區中正路540之1號,(06)5970281,alllink,7:30 - 22:30,
歸仁中山,(71152)台南市歸仁區中山路３段2號,(06)2301086,alllink,7:30 - 22:30,
培安,(70958)台南市安南區安和路１段463號,(06)2550651,alllink,7:30 - 22:30,
永康北灣,(71063)台南市永康區永大路２段1068號,(06)2712378,alllink,7:30 - 22:30,
台南新市,(74447)台南市新市區中正路162號,(06)5893501,alllink,8:00 - 23:00,
善化忠孝,(74153)台南市善化區忠孝路66號,(06)5856080,alllink,8:00 - 23:00,
台南海佃,(70966)台南市安南區海佃路３段138號,(06)2563207,alllink,7:30 - 22:30,
台南大勇,(70055)台南市中西區金華路３段69號,(06)2260151,alllink,8:00 - 23:00,
新營民生,(73051)台南市新營區民生路172號,(06)6571758,alllink,7:30 - 22:30,
善化中正,(74151)台南市善化區中正路419號,(06)5814883,alllink,8:00 - 23:00,
台南文平,(70846)台南市安平區文平路271號,(06)2930117,alllink,7:30 - 22:30,
新營復興,(73043)台南市新營區復興路150-3號1.2樓,(06)6370709,alllink,8:00 - 23:00,
台南崇德,(70161)台南市東區崇德路154-156號,(06)2606907,alllink,7:30 - 22:30,
麻豆興國,(72148)台南市麻豆區興國路36-5號,(06)5716610,alllink,7:30 - 22:30,
台南崇明,(70147)台南市東區崇明路385號1、2樓,(06)2697051,alllink,7:30 - 22:30,
鹽水,(73741)台南市鹽水區後厝70號,(06)6530571,alllink,8:00 - 23:00,
台南崇道,(70171)台南市東區崇道路22.24號,(06)2891385,alllink,7:30 - 22:30,
台南六甲,(73441)台南市六甲區中山路93號,(06)6981031,alllink,7:30 - 22:30,
台南華平,(70845)台南市安平區華平路619號,(06)2996925,alllink,7:30 - 22:30,
台南長榮,(70143)台南市東區長榮路２段180號,(06)2090030,alllink,7:30 - 22:30,
台南永成,(70261)台南市南區永成路３段523號,(06)2619698,alllink,7:30 - 22:30,
佳里中山,(72243)台南市佳里區中山路452.456號,(06)7210507,alllink,7:30 - 22:30,
台南仁和,(70174)台南市東區仁和路77-38號,(06)2891296,alllink,7:30 - 22:30,
下營中山,(73546)台南市下營區中山路１段250號,(06)6897008,alllink,7:30 - 22:30,
台南海安,(70451)台南市北區海安路３段747號,(06)2589705,alllink,8:00 - 23:00,
台南健康,(70263)台南市南區健康路１段435號,(06)2650321,alllink,7:30 - 22:30,
永康復國,(71054)台南市永康區復國一路5號,(06)3122637,alllink,7:30-22:30,
中華西,(70262)台南市南區中華西路１段306號,(06)2640116,alllink,7:30 - 22:30,
台南國平,(70845)台南市安平區國平路210-218號,(06)2995138,alllink,7:30 - 22:30,
台南土城,(70948)台南市安南區安中路６段702號,(06)2574205,alllink,7:30 - 22:30,
麻豆中正,(72144)台南市麻豆區中正路348.348-1號,(06)5710031,alllink,7:30-22:30,
佳里安西,(72247)台南市佳里區安西路205號,(06)7210050,alllink,7:30-22:30,
新營金華,(73066)台南市新營區隋唐街197號,(06)6569905,alllink,7:30-22:30,
白河國泰,(73242)台南市白河區國泰路127號,(06)6856390,alllink,7:30-22:30,
瑞祥,高雄市前鎮區崗山西街206號,(07)7153377,alllink,8:00 - 23:00,
小港宏平,(81268)高雄市小港區宏平路１５２號１樓,(07)8053690,alllink,8:00 - 23:00,
光華,(80253)高雄市苓雅區光華一路148號之31,(07)7274633,alllink,8:00 - 23:00,
北左營,高雄市左營區重愛路112號,(07)3455301,alllink,8:00 - 23:00,
鼓山,高雄市鼓山區銘傳路61號,(07)5885867,alllink,8:00 - 23:00,
鼎金,高雄市三民區鼎泰街232號,(07)3423622,alllink,8:00 - 23:00,
高雄博愛,高雄市三民區博愛一路229號,(07)3235033,alllink,8:00 - 23:00,
小港漢民,高雄市小港區漢民路393號,(07)8065380,alllink,8:00 - 23:00,
草衙,(80668)高雄市前鎮區草衙二路３３７號,(07)8115011,alllink,7:30 - 22:30,
右昌,(81157)高雄市楠梓區德民路838號,(07)3600218,alllink,8:00 - 23:00,
高雄一心,高雄市前鎮區一心二路157號1樓,(07)3300128,alllink,8:00 - 23:00,
左營富國,高雄市左營區富國路87號,(07)5570038,alllink,8:00 - 23:00,
高雄苓雅,高雄市苓雅區林森二路36號,(07)3300858,alllink,8:00 - 23:00,
高雄明誠,(80786)高雄市三民區明誠一路358號,(07)3428178,alllink,8:00 - 23:00,
高雄建工,(80778)高雄市三民區建工路736號,(07)3820860,alllink,8:00 - 23:00,
左營海總,(81143)高雄市楠梓區軍校路800號,(07)3011528,alllink,8:00 - 23:00,
高雄復興,高雄市新興區復興二路260號1樓,(07)2221531,alllink,8:00 - 23:00,
高雄苓雅二,(80248)高雄市苓雅區苓雅一路406-1號,(07)3332905,alllink,8:00 - 23:00,
高雄三多,高雄市苓雅區三多二路1號1樓,(07)7610289,alllink,7:30 - 22:30,
高雄大昌,(80776)高雄市三民區大昌二路525號1、2樓,(07)3800272,alllink,8:00 - 23:00,
左營富民,(81358)高雄市左營區富民路342號,(07)5563711,alllink,8:00 - 23:00,
高雄七賢,高雄市新興區七賢二路10號,(07)2850181,alllink,8:00 - 23:00,
高雄中華,(80145)高雄市前金區中華三路171號,(07)2612669,alllink,8:00 - 23:00,
高雄博愛三,(81367)高雄市左營區博愛三路336號,(07)3485915,alllink,8:00 - 23:00,
高雄義華,(80770)高雄市三民區義華路92號,(07)3800981,alllink,8:00 - 23:00,
前金,高雄市前金區旺盛街166號1樓,(07)2723512,alllink,8:00 - 23:00,
左營,高雄市左營區新庄仔路233號1樓,(07)3417871,alllink,8:00 - 23:00,
岡山,高雄市岡山區仁壽路22號,(07)6266367,alllink,8:00 - 23:00,
大寮二,高雄市大寮區鳳林四路254號,(07)7863176,alllink,8:00 - 23:00,
旗山,(84241)高雄市旗山區延平一路453號,(07)6613117,alllink,7:30 - 22:30,
鳳山五甲,高雄市鳳山區錦田路189號,(07)8311539,alllink,8:00 - 23:00,
高雄大社,高雄市大社區中山路347號,(07)3541006,alllink,8:00 - 23:00,
高雄阿蓮,高雄市阿蓮區民族路38巷13號,(07)6320140,alllink,7:30 - 22:30,
高雄燕巢,(82447)高雄市燕巢區中民路709號之3,(07)6160786,alllink,8:00 - 23:00,
高雄林園,高雄市林園區東林西路394號,(07)6462071,alllink,7:30 - 22:30,
鳳山平等,(83070)高雄市鳳山區平等路50號,(07)7430650,alllink,8:00 - 23:00,
高雄仁武,(81463)高雄市仁武區仁雄路25號之1,(07)3716721,alllink,8:00 - 23:00,
高雄林園三,高雄市林園區林園北路495巷1號,(07)6436138,alllink,7:30 - 22:30,
高雄路竹,(82146)高雄市路竹區中正路180號,(07)6073781,alllink,7:30 - 22:30,
高雄九如,(80764)高雄市三民區九如一路609號,(07)3801671,alllink,8:00 - 23:00,
鳳山中山,(83065)高雄市鳳山區中山路66號,(07)7191508,alllink,8:00 - 23:00,
鳳山南華,高雄市鳳山區南華路83號1樓,(07)7111486,alllink,8:00 - 23:00,
鳳山瑞隆,高雄市鳳山區瑞隆東路50號,(07)7630902,alllink,8:00 - 23:00,
高雄覺民,高雄市三民區覺民路617號,(07)3821350,alllink,8:00 - 23:00,
高雄四維,(80247)高雄市苓雅區四維四路178號,(07)2695209,alllink,8:00 - 23:00,
高雄自由,(81363)高雄市左營區自由三路20號,(07)3418682,alllink,8:00 - 23:00,
高雄重信,高雄市左營區重信路8號,(07)3418371,alllink,8:00 - 23:00,
高雄左大,高雄市左營區左營大路272號,(07)5811619,alllink,8:00 - 23:00,
岡山民有,(82051)高雄市岡山區民有路44號,(07)6231589,alllink,8:00 - 23:00,
高雄德賢,(81154)高雄市楠梓區德賢路479號1樓,(07)3613191,alllink,7:30 - 22:30,
高雄二聖,(80654)高雄市前鎮區二聖一路290號,(07)7240958,alllink,7:30 - 22:30,
高雄興楠,(81163)高雄市楠梓區興楠路72號,(07)3517731,alllink,8:00 - 23:00,
高雄自強,(80749)高雄市三民區自強一路245號,(07)2010881,alllink,7:30 - 22:30,
高雄明仁,(80794)高雄市三民區明仁路57號,(07)3431528,alllink,8:00 - 23:00,
仁武永仁,(81457)高雄市仁武區永仁街352號,(07)3716382,alllink,8:00 - 23:00,
前鎮康定,(80673)高雄市前鎮區康定路170號,(07)8126240,alllink,7:30 - 22:30,
梓官中崙,(82641)高雄市梓官區中崙路231號,(07)6170891,alllink,7:30 - 22:30,
高雄明倫,(80468)高雄市鼓山區明倫路466號,(07)5502381,alllink,8:00 - 23:00,
小港,(81246)高雄市小港區小港路150-3號1樓,(07)8112962,alllink,8:00 - 23:00,
鳳山光復,(83063)高雄市鳳山區光復路107號,(07)7192508,alllink,8:00 - 23:00,
高雄建國,(80284)高雄市苓雅區建國一路107號,(07)7150179,alllink,7:30 - 22:30,
美濃,(84348)高雄市美濃區泰安路172號,(07)6810518,alllink,7:30 - 22:30,
高雄榮佑,(81362)高雄市左營區榮佑路25號,(07)3109872,alllink,8:00 - 23:00,
仁武中華,(81452)高雄市仁武區中華路190號,(07)3746681,alllink,8:00 - 23:00,
小港店北,(81248)高雄市小港區店北路159號,(07)8010957,alllink,8:00 - 23:00,
鳳山青年,(83067)高雄市鳳山區青年路２段261號,(07)7670050,alllink,8:00 - 23:00,
鳳山信義,(83064)高雄市鳳山區信義街73號,(07)7450497,alllink,8:00 - 23:00,
鳥松本館,(83349)高雄市鳥松區本館路391之3號,(07)3702528,alllink,8:00 - 23:00,
高雄鳳林,(83252)高雄市林園區鳳林路２段37號,(07)6464215,alllink,8:00 - 23:00,
橋頭隆豐,(82543)高雄市橋頭區隆豐路137號,(07)6111256,alllink,8:00-23:00,
鳳山五福,(83087)高雄市鳳山區五福二路32號,(07)8122256,alllink,8:00 - 23:00,
鳳山青年二,(83053)高雄市鳳山區青年路２段421號,(07)7778239,alllink,8:00 - 23:00,
鳳山保泰,(83083)高雄市鳳山區保泰路376號,(07)7136128,alllink,7:30 - 22:30,
岡山壽華,(82041)高雄市岡山區壽華路131號,(07)6212979,alllink,8:00 - 23:00,
大寮,(83152)高雄市大寮區鳳林三路449.451號,(07)7830052,alllink,8:30 - 22:30,
高雄華夏,(80454)高雄市鼓山區華夏路176號,(07)5226091,alllink,8:00 - 23:00,
高雄鼎力,(80790)高雄市三民區鼎力路243號,(07)3422782,alllink,7:30 - 22:30,
岡山大仁,(82061)高雄市岡山區大仁北路3號1樓,(07)6229261,alllink,7:30 - 22:30,
高雄四維二,(80266)高雄市苓雅區四維二路100之5號,(07)7151735,alllink,8:00 - 23:00,
高雄管仲,(80661)高雄市前鎮區管仲路20號,(07)3340031,alllink,8:00 - 23:00,
高雄鹽埕,(80341)高雄市鹽埕區七賢三路243、247號1樓,(07)5212952,alllink,,
左營高鐵,(81355)高雄市左營區華夏路1255號,(07)3418229,alllink,8:00-23:00,
潮州,屏東縣潮州鎮延平路156號,(08)7893198,alllink,8:00 - 23:00,
屏東大連,屏東縣屏東市大連路21號1樓,(08)7380281,alllink,7:30 - 22:30,
屏東龍泉,屏東縣內埔鄉昭勝路60號,(08)7709236,alllink,7:30 - 22:30,
屏東高樹,屏東縣高樹鄉南興路77之7號,(08)7967341,alllink,7:30 - 22:30,
屏東自由,(90065)屏東縣屏東市自由路589號,(08)7666812,alllink,8:00 - 23:00,
內埔學人,屏東縣內埔鄉學人路713號,(08)7790633,alllink,7:30 - 22:30,
屏東,屏東縣屏東市民族路202號,(08)7328738,alllink,7:30 - 22:30,
內埔,屏東縣內埔鄉內田村廣濟路207號1樓,(08)7787142,alllink,7:30 - 22:30,
介壽,屏東縣潮州鎮介壽路81號1樓,(08)7883320,alllink,8:00 - 23:00,
林森,屏東縣屏東市林森路100號1樓,(08)7651175,alllink,8:00 - 23:00,
東港,(92842)屏東縣東港鎮長春一路８０號,(08)8321445,alllink,8:00 - 23:00,
恆春,屏東縣恆春鎮恆南路1巷58號,(08)8893263,alllink,7:30 - 22:30,
勝利,屏東縣屏東市勝利東路41號1樓,(08)7237019,alllink,8:00 - 23:00,
屏東佳冬,(93144)屏東縣佳冬鄉中山路55號之5,(08)8671196,alllink,7:30 - 22:30,
萬丹,(91341)屏東縣萬丹鄉大憲街210號,(08)7763110,alllink,7:30 - 22:30,
東港博愛,(92843)屏東縣東港鎮博愛街268號之1,(08)8310140,alllink,8:00 - 23:00,
朝昇,(92047)屏東縣潮州鎮潮昇東路93號,(08)7861925,alllink,8:00 - 23:00,
鹽埔,(90741)屏東縣鹽埔鄉維新路42-5號,(08)7935277,alllink,7:30 - 22:30,
屏東永大,(90091)屏東縣屏東市永大路71號,(08)7522260,alllink,7:30 - 22:30,
萬丹大順,(91350)屏東縣萬丹鄉大順路56號,(08)7072550,alllink,7:30 - 22:30,
新園,(93245)屏東縣新園鄉仙吉路32號,(08)8682529,alllink,7:30 - 22:30,
屏東廣東,(90060)屏東縣屏東市廣東路1108-10號,(08)7660180,alllink,7:30-10:30,
屏東中正,(90059)屏東縣屏東市中正路590號,(08)7383072,alllink,8:00 - 23:00,
屏東復興南,(90094)屏東縣屏東市復興南路１段187號,(08)7515297,alllink,7:30 - 22:30,
屏東林邊,(92741)屏東縣林邊鄉中林路282-16號,(08)8753263,alllink,7:30 - 22:30,
屏東里港,(90541)屏東縣里港鄉鐵店路21-30.21-31號,(08)7720028,alllink,7:30-22:30,
屏東瑞民,(90049)屏東縣屏東市瑞民路6號,(08)7211380,alllink,7:30 - 22:30,
屏東枋寮,(94043)屏東縣枋寮鄉中興路22-17號,(08)8787125,alllink,7:30-22:30,
羅東中正,(26546)宜蘭縣羅東鎮中正南路88號,(03)9559203,alllink,7:30 - 22:30,
宜蘭五結,(26845)宜蘭縣五結鄉五結路２段450號,(03)9601380,alllink,7:30 - 22:30,
宜蘭頭城,宜蘭縣頭城鎮開蘭路149號地下1樓,(03)9779542,alllink,7:30 - 22:30,
礁溪,宜蘭縣礁溪鄉六結村育才路1號,(039)889932,alllink,7:30 - 22:30,
羅東,(26563)宜蘭縣羅東鎮純精路１段8號,(03)9531600,alllink,7:30 - 22:30,
宜蘭復興,(26051)宜蘭縣宜蘭市復興路２段36號,(039)367018,alllink,7:30 - 22:30,
冬山,(26948)宜蘭縣冬山鄉冬山路１段837號,(03)9596821,alllink,7:30 - 22:30,
宜蘭中山,宜蘭縣宜蘭市中山路二段83號,(03)9355264,alllink,7:30 - 22:30,
宜蘭三星,(26641)宜蘭縣三星鄉中山路30-1號,(03)9895518,alllink,7:00 - 22:00,
宜蘭北門,(26044)宜蘭縣宜蘭市中山路３段95號,(03)9315081,alllink,7:30 - 22:30,
羅東南門,(26545)宜蘭縣羅東鎮南門路86號,(039)571752,alllink,7:30 - 22:30,
羅東倉前,(26561)宜蘭縣羅東鎮倉前路49號,(03)9532430,alllink,8:00 - 23:00,
羅東純精,(26549)宜蘭縣羅東鎮純精路２段230號1-2號,(03)9566151,alllink,7:30 - 22:30,
宜蘭東港,(26057)宜蘭縣宜蘭市東港路36號,(03)9372105,alllink,7:30 - 22:30,
宜蘭三清,(26049)宜蘭縣宜蘭市三清路96號,(03)9315712,alllink,7:30 - 22:30,
宜蘭健康,(26047)宜蘭縣宜蘭市健康路２段70.72.76.78號,(03)9332910,alllink,7:30 - 22:30,
宜蘭泰山,(26052)宜蘭縣宜蘭市泰山路332號,(03)9310208,alllink,,
宜蘭新生,(26054)宜蘭縣宜蘭市中山路５段129號,(03)9283105,alllink,7:30-22:30,
花蓮,花蓮縣花蓮市國聯二路110號,(03)8334323,alllink,8:00 - 23:00,
花蓮中正,花蓮縣花蓮市中正路230號,(03)8349816,alllink,8:00 - 23:00,
吉安,(97342)花蓮縣吉安鄉中華路２段232號,(03)8549501,alllink,8:00 - 23:00,
鳳林,(97545)花蓮縣鳳林鎮中正路２段212號,(03)8764883,alllink,7:30 - 22:30,
花蓮建國,花蓮縣吉安鄉建國路一段119號,(03)8463875,alllink,8:00 - 23:00,
花蓮光復,(97642)花蓮縣光復鄉中山路２段299-1、299-2號,(03)8706012,alllink,7:30 - 22:30,
花蓮重慶,花蓮縣花蓮市重慶路331號,(03)8311051,alllink,7:30 - 22:30,
花蓮慶豐,花蓮縣吉安鄉中山路三段136號,(03)8521812,alllink,8:00 - 23:00,
玉里二,(98143)花蓮縣玉里鎮仁愛路１段116號,(03)8885509,alllink,8:00 - 23:00,
花蓮林森,(97052)花蓮縣花蓮市林森路69-71號,(03)8310753,alllink,7:30 - 22:30,
花蓮玉里,(98143)花蓮縣玉里鎮和平路92號,(03)8880171,alllink,7:30-22:30,
台東,台東縣台東市平等街11號,(089)325210,alllink,7:30 - 22:30,
新生,台東縣台東市新生路429號,(089)361060,alllink,8:00 - 23:00,
開封,台東縣台東市開封街372號,(089)360958,alllink,8:00 - 23:00,
台東中山,(95001)台東縣台東市中山路370號1、2樓,(089)339886,alllink,7:30 - 22:30,
台東漢陽,(95041)台東縣台東市漢陽南路89號,(089)310362,alllink,7:30 - 22:30,
台東太麻里,(96346)台東縣太麻里鄉外環路190號,(089)780275,alllink,7:30 - 22:30,
澎湖文光,(88044)澎湖縣馬公市文光路85號,(06)9269688,alllink,8:00 - 23:00,
馬公,(88049)澎湖縣馬公市文山路69號１樓,(06)9216991,alllink,8:00 - 23:00,
澎湖中華,(88048)澎湖縣馬公市中華路61-4號,(06)9268889,alllink,7:30 - 22:30,
金門慈湖,(89244)金門縣金寧鄉下埔下56-1號,(082)322240,alllink,8:00 - 23:00,
民族西門市,台北市大同區民族西路151號153號155號,02-25954841,711,24hr,
中南門市,新北市三重區中正南路248-1號248-2號,02-29754553,711,24hr,
大安港門市,台中市大甲區大安港路118號,04-26804055,711,24hr,
武聖門市,台南市中西區武聖路47號49號,06-2800754,711,24hr,
平等門市,高雄市三民區九如一路805號,07-3927743,711,24hr,
新生南路店,台北市大安區新生南路一段163號,02-27035220,family,24hr,
永康永仁店,台南市永康區大仁街39號1樓,06-2056842,family,24hr,
蘆洲民仁店,新北市蘆洲區民族路448號,02-82835024,family,24hr,
台中上安店,台中市西屯區上安路136號1樓,04-24524993,family,24hr,
高雄永昌店,高雄市苓雅區成功一路168之2號,07-3329586,family,24hr,